"Data";"Hora (UTC)";"Temp. Ins. (C)";"Temp. Max. (C)";"Temp. Min. (C)";"Umi. Ins. (%)";"Umi. Max. (%)";"Umi. Min. (%)";"Pto Orvalho Ins. (C)";"Pto Orvalho Max. (C)";"Pto Orvalho Min. (C)";"Pressao Ins. (hPa)";"Pressao Max. (hPa)";"Pressao Min. (hPa)";"Vel. Vento (m/s)";"Dir. Vento (m/s)";"Raj. Vento (m/s)";"Radiacao (KJ/m²)";"Chuva (mm)"
"05/04/2026";"0000";"24,8";"25,4";"24,8";"91,0";"91,0";"89,0";"23,2";"23,4";"23,1";"1012,1";"1012,1";"1011,6";"0,7";"59,0";"2,1";"";"0,0"
"05/04/2026";"0100";"24,8";"25,0";"24,8";"91,0";"91,0";"90,0";"23,2";"23,3";"23,1";"1012,3";"1012,3";"1012,1";"1,1";"61,0";"2,1";"";"0,0"
"05/04/2026";"0200";"24,0";"24,8";"24,0";"94,0";"94,0";"91,0";"22,9";"23,2";"22,9";"1012,1";"1012,3";"1012,0";"0,3";"83,0";"2,1";"";"0,0"
"05/04/2026";"0300";"23,6";"24,1";"23,5";"96,0";"96,0";"94,0";"22,9";"23,1";"22,8";"1011,8";"1012,1";"1011,8";"0,9";"286,0";"1,5";"";"0,0"
"05/04/2026";"0400";"23,7";"23,7";"23,5";"98,0";"98,0";"96,0";"23,3";"23,3";"22,8";"1011,2";"1011,8";"1011,2";"1,1";"269,0";"2,0";"";"0,0"
"05/04/2026";"0500";"23,3";"23,9";"23,3";"98,0";"98,0";"98,0";"23,0";"23,5";"23,0";"1010,7";"1011,2";"1010,7";"1,0";"294,0";"2,2";"";"0,0"
"05/04/2026";"0600";"23,4";"23,5";"23,2";"99,0";"99,0";"98,0";"23,1";"23,3";"22,9";"1010,5";"1010,7";"1010,4";"0,7";"253,0";"2,0";"";"0,0"
"05/04/2026";"0700";"23,1";"23,4";"23,1";"99,0";"99,0";"99,0";"22,9";"23,3";"22,9";"1010,6";"1010,6";"1010,4";"1,1";"271,0";"2,1";"";"0,0"
"05/04/2026";"0800";"23,0";"23,2";"23,0";"99,0";"99,0";"99,0";"22,9";"23,0";"22,8";"1010,6";"1010,6";"1010,5";"0,3";"262,0";"1,5";"";"0,0"
"05/04/2026";"0900";"22,8";"23,0";"22,8";"99,0";"99,0";"99,0";"22,6";"22,8";"22,6";"1011,1";"1011,1";"1010,6";"0,9";"265,0";"1,5";"6,10";"0,0"
"05/04/2026";"1000";"24,9";"24,9";"22,8";"95,0";"99,0";"95,0";"24,1";"24,2";"22,6";"1011,7";"1011,7";"1011,1";"1,0";"282,0";"1,6";"412,80";"0,0"
"05/04/2026";"1100";"27,2";"27,4";"24,9";"81,0";"95,0";"80,0";"23,6";"24,7";"23,6";"1012,3";"1012,3";"1011,7";"1,2";"288,0";"2,1";"1301,30";"0,0"
"05/04/2026";"1200";"28,2";"28,9";"27,0";"76,0";"84,0";"74,0";"23,6";"24,7";"23,4";"1012,7";"1012,7";"1012,3";"1,7";"35,0";"3,4";"1663,70";"0,0"
"05/04/2026";"1300";"28,9";"30,0";"28,2";"68,0";"77,0";"66,0";"22,3";"24,4";"22,3";"1012,6";"1012,8";"1012,6";"1,6";"42,0";"4,0";"2135,20";"0,0"
"05/04/2026";"1400";"30,2";"31,4";"28,8";"65,0";"70,0";"60,0";"22,8";"23,8";"21,7";"1012,1";"1012,6";"1012,1";"3,0";"70,0";"5,0";"3243,70";"0,0"
"05/04/2026";"1500";"30,6";"31,0";"29,6";"64,0";"66,0";"61,0";"23,0";"23,7";"21,9";"1011,3";"1012,1";"1011,3";"3,5";"50,0";"6,5";"3062,00";"0,0"
"05/04/2026";"1600";"29,8";"31,2";"29,7";"67,0";"69,0";"61,0";"23,1";"24,0";"22,2";"1010,8";"1011,3";"1010,8";"2,8";"64,0";"6,0";"2946,90";"0,0"
"05/04/2026";"1700";"30,9";"31,3";"29,5";"58,0";"68,0";"57,0";"21,5";"23,5";"21,0";"1010,1";"1010,8";"1010,1";"3,2";"66,0";"6,2";"2434,60";"0,0"
"05/04/2026";"1800";"30,1";"31,2";"30,0";"62,0";"62,0";"55,0";"21,9";"22,2";"20,8";"1009,7";"1010,1";"1009,7";"3,2";"71,0";"6,8";"2232,50";"0,0"
"05/04/2026";"1900";"29,4";"30,2";"29,3";"66,0";"66,0";"61,0";"22,3";"22,3";"21,3";"1009,6";"1009,7";"1009,5";"3,8";"95,0";"6,4";"1626,00";"0,0"
"05/04/2026";"2000";"27,9";"29,7";"27,9";"74,0";"74,0";"64,0";"22,9";"23,0";"21,9";"1009,7";"1009,7";"1009,5";"2,7";"77,0";"6,0";"688,10";"0,0"
"05/04/2026";"2100";"26,3";"27,9";"26,3";"83,0";"83,0";"73,0";"23,1";"23,2";"22,7";"1009,9";"1009,9";"1009,7";"2,0";"74,0";"5,0";"40,20";"0,0"
"05/04/2026";"2200";"25,6";"26,3";"25,6";"86,0";"86,0";"83,0";"23,0";"23,1";"23,0";"1010,5";"1010,5";"1009,9";"1,6";"66,0";"3,3";"";"0,0"
"05/04/2026";"2300";"25,4";"25,6";"25,3";"87,0";"88,0";"86,0";"23,1";"23,2";"23,1";"1011,0";"1011,1";"1010,4";"1,5";"87,0";"3,2";"";"0,0"
"06/04/2026";"0000";"25,0";"25,4";"25,0";"89,0";"89,0";"87,0";"23,1";"23,1";"23,0";"1011,5";"1011,5";"1011,0";"1,0";"84,0";"2,5";"";"0,0"
"06/04/2026";"0100";"24,7";"25,1";"24,7";"91,0";"91,0";"89,0";"23,0";"23,1";"23,0";"1011,8";"1011,8";"1011,5";"0,8";"70,0";"1,8";"";"0,0"
"06/04/2026";"0200";"24,0";"24,7";"24,0";"93,0";"93,0";"91,0";"22,9";"23,1";"22,6";"1011,8";"1011,8";"1011,6";"0,2";"45,0";"2,0";"";"0,0"
"06/04/2026";"0300";"23,3";"24,0";"23,3";"95,0";"95,0";"93,0";"22,6";"22,9";"22,4";"1011,5";"1011,8";"1011,5";"1,0";"331,0";"1,6";"";"0,0"
"06/04/2026";"0400";"22,9";"23,3";"22,9";"96,0";"96,0";"95,0";"22,3";"22,6";"22,2";"1011,2";"1011,5";"1011,2";"0,7";"265,0";"1,2";"";"0,0"
"06/04/2026";"0500";"22,9";"23,0";"22,8";"97,0";"97,0";"96,0";"22,4";"22,5";"22,2";"1011,0";"1011,2";"1010,9";"0,6";"300,0";"1,9";"";"0,0"
"06/04/2026";"0600";"22,9";"23,1";"22,7";"98,0";"98,0";"97,0";"22,7";"22,8";"22,2";"1011,0";"1011,1";"1010,9";"1,1";"290,0";"2,1";"";"0,0"
"06/04/2026";"0700";"23,2";"23,3";"22,9";"99,0";"99,0";"98,0";"23,0";"23,1";"22,6";"1010,9";"1011,0";"1010,9";"1,0";"299,0";"1,8";"";"0,0"
"06/04/2026";"0800";"23,2";"23,3";"23,2";"99,0";"99,0";"99,0";"23,0";"23,1";"23,0";"1011,4";"1011,4";"1010,9";"0,6";"257,0";"1,9";"";"0,0"
"06/04/2026";"0900";"22,9";"23,2";"22,6";"99,0";"99,0";"99,0";"22,6";"22,9";"22,4";"1012,1";"1012,1";"1011,4";"0,6";"283,0";"1,5";"8,00";"0,0"
"06/04/2026";"1000";"24,9";"24,9";"22,8";"95,0";"99,0";"95,0";"24,0";"24,1";"22,6";"1012,9";"1012,9";"1012,1";"1,8";"275,0";"2,8";"431,90";"0,0"
"06/04/2026";"1100";"27,1";"27,2";"24,9";"82,0";"95,0";"81,0";"23,7";"24,1";"23,4";"1013,3";"1013,3";"1012,9";"1,9";"284,0";"3,5";"1309,90";"0,0"
"06/04/2026";"1200";"28,3";"29,4";"27,1";"73,0";"82,0";"68,0";"22,9";"23,6";"22,1";"1013,3";"1013,5";"1013,2";"1,5";"327,0";"3,6";"2057,80";"0,0"
"06/04/2026";"1300";"29,1";"29,9";"27,7";"65,0";"72,0";"62,0";"21,8";"23,8";"21,6";"1013,2";"1013,7";"1013,2";"1,7";"21,0";"3,5";"2398,60";"0,0"
"06/04/2026";"1400";"29,3";"30,5";"28,8";"62,0";"65,0";"55,0";"21,2";"22,4";"20,2";"1013,0";"1013,2";"1013,0";"1,1";"249,0";"3,6";"1904,00";"0,0"
"06/04/2026";"1500";"28,8";"29,5";"28,8";"69,0";"71,0";"61,0";"22,6";"23,0";"20,9";"1012,2";"1012,9";"1012,2";"1,8";"112,0";"3,3";"758,30";"0,0"
"06/04/2026";"1600";"29,5";"30,9";"28,6";"64,0";"71,0";"62,0";"22,0";"24,0";"22,0";"1011,5";"1012,2";"1011,5";"2,9";"94,0";"5,0";"1709,90";"0,0"
"06/04/2026";"1700";"30,4";"30,6";"29,4";"61,0";"65,0";"60,0";"22,1";"23,1";"21,4";"1011,0";"1011,5";"1011,0";"3,3";"139,0";"6,4";"2610,60";"0,0"
"06/04/2026";"1800";"29,7";"30,8";"29,5";"60,0";"64,0";"58,0";"21,1";"22,5";"20,9";"1010,8";"1011,0";"1010,8";"3,1";"120,0";"6,4";"2225,10";"0,0"
"06/04/2026";"1900";"28,9";"30,0";"28,9";"66,0";"67,0";"60,0";"22,0";"22,6";"21,1";"1011,0";"1011,0";"1010,8";"3,5";"95,0";"5,8";"1572,10";"0,0"
"06/04/2026";"2000";"27,7";"28,9";"27,7";"71,0";"71,0";"65,0";"21,9";"22,0";"21,3";"1011,2";"1011,3";"1011,0";"2,5";"101,0";"5,8";"602,90";"0,0"
"06/04/2026";"2100";"26,1";"27,7";"26,1";"79,0";"79,0";"71,0";"22,1";"22,1";"21,7";"1011,3";"1011,3";"1011,2";"1,7";"108,0";"4,4";"33,20";"0,0"
"06/04/2026";"2200";"25,4";"26,1";"25,4";"83,0";"83,0";"79,0";"22,3";"22,3";"22,1";"1011,6";"1011,6";"1011,3";"1,5";"106,0";"3,1";"";"0,0"
"06/04/2026";"2300";"24,9";"25,4";"24,9";"84,0";"84,0";"82,0";"22,0";"22,3";"21,9";"1012,2";"1012,2";"1011,6";"1,2";"113,0";"2,8";"";"0,0"
"07/04/2026";"0000";"23,8";"25,0";"23,8";"88,0";"88,0";"84,0";"21,8";"22,1";"21,6";"1012,7";"1012,7";"1012,2";"0,4";"123,0";"2,3";"";"0,0"
"07/04/2026";"0100";"23,0";"23,9";"23,0";"91,0";"92,0";"88,0";"21,5";"21,9";"21,5";"1013,2";"1013,2";"1012,7";"0,3";"257,0";"0,8";"";"0,0"
"07/04/2026";"0200";"22,6";"23,0";"22,4";"95,0";"95,0";"91,0";"21,7";"21,8";"21,3";"1013,2";"1013,3";"1013,2";"1,1";"273,0";"2,0";"";"0,0"
"07/04/2026";"0300";"22,1";"22,7";"22,1";"96,0";"96,0";"95,0";"21,5";"22,0";"21,5";"1013,2";"1013,2";"1013,1";"1,3";"289,0";"1,8";"";"0,0"
"07/04/2026";"0400";"22,6";"22,7";"22,0";"97,0";"97,0";"96,0";"22,2";"22,3";"21,4";"1012,6";"1013,2";"1012,6";"1,7";"256,0";"2,8";"";"0,0"
"07/04/2026";"0500";"22,5";"22,6";"22,5";"97,0";"97,0";"97,0";"22,0";"22,1";"21,9";"1012,2";"1012,7";"1012,2";"1,1";"273,0";"3,2";"";"0,0"
"07/04/2026";"0600";"22,5";"22,8";"22,5";"97,0";"98,0";"97,0";"22,1";"22,4";"22,0";"1011,7";"1012,3";"1011,7";"1,0";"292,0";"2,8";"";"0,0"
"07/04/2026";"0700";"22,5";"22,7";"22,3";"98,0";"98,0";"97,0";"22,2";"22,3";"22,0";"1011,9";"1011,9";"1011,6";"1,2";"256,0";"2,1";"";"0,0"
"07/04/2026";"0800";"22,4";"22,7";"22,4";"98,0";"98,0";"98,0";"22,1";"22,4";"22,1";"1012,1";"1012,2";"1011,9";"1,1";"282,0";"2,1";"";"0,0"
"07/04/2026";"0900";"22,6";"22,6";"22,2";"99,0";"99,0";"98,0";"22,3";"22,4";"22,0";"1012,8";"1012,8";"1012,1";"1,2";"258,0";"2,3";"5,90";"0,0"
"07/04/2026";"1000";"23,5";"23,5";"22,5";"98,0";"99,0";"98,0";"23,2";"23,3";"22,3";"1013,2";"1013,2";"1012,8";"1,6";"251,0";"3,1";"262,30";"0,0"
"07/04/2026";"1100";"26,1";"26,3";"23,5";"87,0";"99,0";"87,0";"23,8";"24,4";"23,3";"1013,7";"1013,8";"1013,2";"1,6";"240,0";"3,1";"1101,00";"0,0"
"07/04/2026";"1200";"27,1";"27,9";"26,0";"81,0";"88,0";"79,0";"23,4";"24,5";"23,3";"1014,0";"1014,0";"1013,7";"0,9";"182,0";"3,1";"1529,50";"0,0"
"07/04/2026";"1300";"28,2";"29,2";"27,1";"76,0";"81,0";"74,0";"23,6";"24,6";"23,5";"1014,0";"1014,1";"1013,9";"1,1";"139,0";"3,3";"1049,50";"0,0"
"07/04/2026";"1400";"29,3";"29,5";"27,9";"71,0";"80,0";"70,0";"23,6";"25,0";"22,9";"1013,4";"1014,0";"1013,4";"2,4";"112,0";"5,5";"2083,90";"0,0"
"07/04/2026";"1500";"30,3";"30,9";"29,3";"64,0";"71,0";"64,0";"22,8";"24,4";"22,4";"1012,6";"1013,4";"1012,6";"3,2";"120,0";"5,8";"3163,90";"0,0"
"07/04/2026";"1600";"30,3";"30,8";"29,7";"67,0";"68,0";"63,0";"23,6";"23,6";"22,3";"1011,8";"1012,6";"1011,8";"3,1";"112,0";"6,0";"2758,70";"0,0"
"07/04/2026";"1700";"30,3";"31,4";"30,2";"62,0";"67,0";"60,0";"22,2";"24,0";"21,8";"1011,4";"1011,8";"1011,3";"3,8";"92,0";"6,8";"2758,40";"0,0"
"07/04/2026";"1800";"29,9";"30,7";"29,8";"65,0";"67,0";"61,0";"22,7";"23,3";"21,9";"1011,4";"1011,5";"1011,2";"3,9";"88,0";"7,1";"2218,50";"0,0"
"07/04/2026";"1900";"29,4";"30,2";"29,2";"70,0";"71,0";"65,0";"23,4";"23,7";"22,7";"1011,4";"1011,4";"1011,2";"3,2";"84,0";"6,8";"1637,30";"0,0"
"07/04/2026";"2000";"28,0";"29,4";"28,0";"76,0";"76,0";"69,0";"23,4";"23,5";"23,0";"1011,5";"1011,5";"1011,2";"2,9";"93,0";"6,1";"663,90";"0,0"
"07/04/2026";"2100";"26,6";"28,0";"26,6";"83,0";"83,0";"76,0";"23,6";"23,6";"23,3";"1011,7";"1011,7";"1011,5";"1,1";"72,0";"4,4";"35,70";"0,0"
"07/04/2026";"2200";"26,0";"26,6";"25,9";"88,0";"88,0";"83,0";"23,9";"23,9";"23,6";"1011,7";"1011,7";"1011,5";"1,2";"73,0";"2,0";"";"0,0"
"07/04/2026";"2300";"25,2";"26,0";"25,2";"91,0";"91,0";"88,0";"23,6";"23,9";"23,6";"1012,0";"1012,0";"1011,7";"0,5";"55,0";"2,2";"";"0,0"
"08/04/2026";"0000";"25,2";"25,5";"25,1";"91,0";"91,0";"90,0";"23,6";"23,7";"23,6";"1012,3";"1012,3";"1012,0";"0,6";"30,0";"2,0";"";"0,0"
"08/04/2026";"0100";"24,6";"25,4";"24,6";"94,0";"94,0";"90,0";"23,5";"23,7";"23,3";"1012,4";"1012,4";"1012,3";"0,5";"15,0";"1,4";"";"0,0"
"08/04/2026";"0200";"24,0";"24,6";"23,9";"96,0";"96,0";"94,0";"23,3";"23,4";"23,2";"1012,1";"1012,4";"1012,1";"0,6";"300,0";"1,6";"";"0,0"
"08/04/2026";"0300";"23,9";"24,0";"23,9";"97,0";"97,0";"96,0";"23,4";"23,4";"23,2";"1011,3";"1012,1";"1011,3";"0,2";"259,0";"1,1";"";"0,0"
"08/04/2026";"0400";"23,8";"24,4";"23,7";"97,0";"97,0";"97,0";"23,3";"23,9";"23,3";"1011,0";"1011,3";"1011,0";"1,1";"274,0";"1,8";"";"0,0"
"08/04/2026";"0500";"24,1";"24,3";"23,7";"98,0";"98,0";"97,0";"23,8";"24,0";"23,3";"1010,8";"1011,0";"1010,8";"0,9";"295,0";"3,1";"";"0,0"
"08/04/2026";"0600";"24,1";"24,2";"24,1";"99,0";"99,0";"98,0";"23,8";"23,9";"23,8";"1010,8";"1010,9";"1010,8";"1,0";"303,0";"2,5";"";"0,0"
"08/04/2026";"0700";"23,7";"24,2";"23,7";"99,0";"99,0";"99,0";"23,5";"23,9";"23,5";"1010,6";"1010,8";"1010,6";"0,9";"293,0";"2,5";"";"0,0"
"08/04/2026";"0800";"23,6";"23,8";"23,5";"99,0";"99,0";"99,0";"23,4";"23,7";"23,3";"1011,0";"1011,2";"1010,6";"1,1";"327,0";"4,8";"";"0,0"
"08/04/2026";"0900";"23,8";"23,8";"23,5";"99,0";"99,0";"99,0";"23,5";"23,6";"23,3";"1011,3";"1011,3";"1011,0";"1,0";"299,0";"3,1";"6,20";"0,0"
"08/04/2026";"1000";"24,5";"24,6";"23,8";"98,0";"99,0";"98,0";"24,2";"24,3";"23,5";"1011,6";"1011,7";"1011,3";"0,3";"296,0";"2,1";"234,30";"0,0"
"08/04/2026";"1100";"27,6";"27,6";"24,5";"84,0";"98,0";"84,0";"24,5";"25,0";"24,1";"1012,4";"1012,4";"1011,6";"0,9";"312,0";"2,0";"1032,90";"0,0"
"08/04/2026";"1200";"28,2";"28,5";"27,3";"79,0";"85,0";"79,0";"24,3";"25,2";"23,9";"1012,7";"1012,8";"1012,3";"1,9";"21,0";"3,4";"1673,20";"0,0"
"08/04/2026";"1300";"28,3";"29,2";"27,7";"78,0";"82,0";"74,0";"24,2";"25,2";"23,8";"1012,6";"1012,7";"1012,6";"2,0";"6,0";"4,2";"1822,10";"0,0"
"08/04/2026";"1400";"30,1";"30,6";"28,2";"72,0";"80,0";"69,0";"24,5";"25,6";"23,2";"1011,8";"1012,6";"1011,8";"1,8";"29,0";"4,3";"2566,50";"0,0"
"08/04/2026";"1500";"30,0";"30,7";"29,3";"71,0";"73,0";"66,0";"24,2";"24,6";"22,6";"1010,9";"1011,8";"1010,9";"1,8";"24,0";"4,8";"2342,80";"0,0"
"08/04/2026";"1600";"30,5";"31,1";"28,4";"66,0";"83,0";"66,0";"23,5";"26,5";"23,5";"1010,0";"1010,9";"1010,0";"2,5";"86,0";"5,2";"2455,80";"0,0"
"08/04/2026";"1700";"30,3";"31,5";"30,3";"70,0";"72,0";"62,0";"24,2";"25,0";"23,0";"1009,0";"1010,0";"1009,0";"3,1";"77,0";"5,2";"2574,50";"0,0"
"08/04/2026";"1800";"29,9";"31,4";"29,8";"69,0";"71,0";"67,0";"23,5";"25,2";"23,2";"1008,6";"1009,0";"1008,6";"3,9";"69,0";"6,8";"2039,70";"0,0"
"08/04/2026";"1900";"28,9";"30,1";"28,9";"75,0";"76,0";"68,0";"24,1";"24,3";"23,3";"1008,4";"1008,6";"1008,4";"4,0";"83,0";"7,4";"1581,80";"0,0"
"08/04/2026";"2000";"27,7";"28,9";"27,7";"82,0";"82,0";"75,0";"24,4";"24,4";"23,9";"1008,5";"1008,6";"1008,4";"3,6";"50,0";"7,2";"633,50";"0,0"
"08/04/2026";"2100";"26,4";"27,7";"26,4";"87,0";"87,0";"82,0";"24,1";"24,4";"24,1";"1008,5";"1008,6";"1008,4";"1,9";"50,0";"7,2";"37,30";"0,0"
"08/04/2026";"2200";"25,8";"26,4";"25,8";"90,0";"90,0";"87,0";"24,0";"24,1";"24,0";"1008,8";"1008,8";"1008,5";"1,5";"43,0";"3,8";"";"0,0"
"08/04/2026";"2300";"25,5";"25,9";"25,5";"92,0";"92,0";"90,0";"24,1";"24,2";"24,0";"1009,4";"1009,4";"1008,8";"1,5";"36,0";"3,2";"";"0,0"
"09/04/2026";"0000";"25,6";"25,7";"25,5";"91,0";"92,0";"90,0";"24,0";"24,1";"24,0";"1009,6";"1009,7";"1009,4";"1,1";"34,0";"3,3";"";"0,0"
"09/04/2026";"0100";"25,3";"25,7";"25,3";"93,0";"93,0";"91,0";"24,0";"24,1";"24,0";"1009,7";"1009,8";"1009,5";"1,7";"40,0";"3,0";"";"0,0"
"09/04/2026";"0200";"24,6";"25,3";"24,6";"95,0";"95,0";"93,0";"23,8";"24,0";"23,8";"1009,7";"1009,9";"1009,7";"1,3";"11,0";"3,0";"";"0,0"
"09/04/2026";"0300";"24,3";"24,6";"24,2";"96,0";"97,0";"95,0";"23,7";"23,9";"23,6";"1009,6";"1009,9";"1009,6";"1,0";"346,0";"2,3";"";"0,0"
"09/04/2026";"0400";"24,1";"24,3";"24,1";"97,0";"97,0";"96,0";"23,6";"23,7";"23,5";"1009,0";"1009,6";"1008,9";"1,5";"3,0";"3,0";"";"0,0"
"09/04/2026";"0500";"24,2";"24,2";"24,1";"96,0";"97,0";"96,0";"23,6";"23,7";"23,6";"1008,5";"1009,0";"1008,5";"1,6";"360,0";"3,5";"";"0,0"
"09/04/2026";"0600";"24,1";"24,2";"24,1";"96,0";"96,0";"96,0";"23,4";"23,6";"23,4";"1008,4";"1008,5";"1008,3";"1,8";"354,0";"4,2";"";"0,0"
"09/04/2026";"0700";"23,9";"24,1";"23,9";"96,0";"96,0";"96,0";"23,2";"23,4";"23,2";"1008,3";"1008,5";"1008,3";"2,1";"359,0";"4,7";"";"0,0"
"09/04/2026";"0800";"23,5";"23,9";"23,5";"97,0";"97,0";"96,0";"22,9";"23,2";"22,9";"1008,8";"1008,9";"1008,3";"0,9";"331,0";"4,7";"";"0,0"
"09/04/2026";"0900";"23,3";"23,5";"23,2";"97,0";"97,0";"97,0";"22,9";"22,9";"22,8";"1009,1";"1009,1";"1008,8";"1,1";"23,0";"2,1";"8,10";"0,0"
"09/04/2026";"1000";"24,8";"24,8";"23,3";"93,0";"97,0";"93,0";"23,6";"23,6";"22,9";"1009,4";"1009,5";"1009,1";"1,6";"3,0";"3,1";"329,60";"0,0"
"09/04/2026";"1100";"27,0";"27,1";"24,8";"82,0";"93,0";"82,0";"23,7";"24,1";"23,5";"1010,0";"1010,0";"1009,3";"2,7";"359,0";"5,5";"1260,00";"0,0"
"09/04/2026";"1200";"28,5";"28,7";"27,0";"74,0";"83,0";"73,0";"23,4";"24,4";"23,0";"1010,0";"1010,1";"1010,0";"3,2";"8,0";"7,1";"1999,70";"0,0"
"09/04/2026";"1300";"30,0";"30,2";"28,5";"66,0";"75,0";"64,0";"22,9";"23,7";"22,2";"1009,8";"1010,1";"1009,7";"3,2";"339,0";"7,5";"2373,20";"0,0"
"09/04/2026";"1400";"30,3";"30,7";"29,3";"64,0";"69,0";"63,0";"22,7";"23,5";"22,4";"1009,0";"1009,8";"1009,0";"3,0";"16,0";"6,7";"2506,60";"0,0"
"09/04/2026";"1500";"31,7";"32,2";"30,4";"62,0";"65,0";"59,0";"23,4";"24,1";"22,3";"1008,3";"1009,0";"1008,3";"2,8";"322,0";"6,2";"2404,80";"0,0"
"09/04/2026";"1600";"31,9";"32,8";"30,9";"61,0";"63,0";"58,0";"23,5";"24,0";"22,4";"1007,0";"1008,3";"1007,0";"2,4";"359,0";"6,2";"2714,50";"0,0"
"09/04/2026";"1700";"30,8";"32,5";"30,7";"68,0";"69,0";"56,0";"24,3";"24,5";"21,7";"1006,3";"1007,0";"1006,3";"3,1";"43,0";"6,1";"2125,60";"0,0"
"09/04/2026";"1800";"30,2";"31,0";"29,9";"70,0";"71,0";"68,0";"24,1";"24,7";"23,7";"1005,9";"1006,3";"1005,8";"3,0";"55,0";"5,9";"1320,50";"0,0"
"09/04/2026";"1900";"29,9";"30,8";"29,8";"73,0";"74,0";"68,0";"24,5";"24,9";"23,7";"1005,8";"1005,9";"1005,6";"3,8";"62,0";"6,6";"1670,50";"0,0"
"09/04/2026";"2000";"28,4";"29,8";"28,4";"76,0";"76,0";"72,0";"23,8";"24,6";"23,8";"1006,2";"1006,3";"1005,7";"3,7";"46,0";"7,5";"893,50";"0,0"
"09/04/2026";"2100";"27,0";"28,4";"27,0";"83,0";"83,0";"76,0";"23,9";"24,1";"23,8";"1006,6";"1006,6";"1006,2";"2,7";"49,0";"7,0";"68,70";"0,0"
"09/04/2026";"2200";"26,6";"27,0";"26,6";"86,0";"86,0";"83,0";"24,1";"24,1";"23,8";"1007,2";"1007,2";"1006,6";"2,2";"45,0";"4,8";"";"0,0"
"09/04/2026";"2300";"26,4";"26,6";"26,4";"88,0";"88,0";"86,0";"24,4";"24,4";"24,1";"1007,8";"1007,9";"1007,2";"2,0";"43,0";"4,5";"";"0,0"
"10/04/2026";"0000";"26,3";"26,5";"26,3";"90,0";"90,0";"88,0";"24,6";"24,6";"24,4";"1008,3";"1008,4";"1007,8";"1,6";"43,0";"3,6";"";"0,0"
"10/04/2026";"0100";"26,0";"26,3";"26,0";"89,0";"91,0";"89,0";"24,1";"24,6";"24,1";"1008,8";"1008,8";"1008,3";"1,4";"33,0";"2,9";"";"0,0"
"10/04/2026";"0200";"26,6";"26,6";"25,6";"84,0";"91,0";"84,0";"23,7";"24,2";"23,5";"1010,0";"1010,0";"1008,6";"2,5";"208,0";"4,6";"";"0,0"
"10/04/2026";"0300";"22,7";"26,6";"22,7";"95,0";"95,0";"81,0";"21,8";"23,8";"21,2";"1010,3";"1010,7";"1010,0";"2,3";"144,0";"12,0";"0,20";"0,0"
"10/04/2026";"0400";"22,3";"22,9";"22,3";"98,0";"98,0";"95,0";"21,9";"22,2";"21,8";"1009,6";"1010,4";"1009,5";"0,5";"279,0";"4,0";"";"0,0"
"10/04/2026";"0500";"22,1";"22,5";"22,1";"98,0";"99,0";"98,0";"21,8";"22,2";"21,8";"1009,2";"1009,8";"1009,2";"1,5";"310,0";"2,9";"";"0,0"
"10/04/2026";"0600";"22,2";"22,2";"22,1";"98,0";"98,0";"98,0";"21,9";"21,9";"21,8";"1008,7";"1009,2";"1008,5";"1,9";"313,0";"4,1";"";"0,0"
"10/04/2026";"0700";"22,4";"22,4";"22,2";"97,0";"98,0";"97,0";"21,9";"22,0";"21,7";"1009,1";"1009,1";"1008,6";"1,4";"220,0";"4,1";"";"0,0"
"10/04/2026";"0800";"22,3";"22,5";"22,2";"98,0";"98,0";"97,0";"21,9";"22,1";"21,8";"1009,5";"1009,5";"1009,0";"2,0";"266,0";"4,2";"";"0,0"
"10/04/2026";"0900";"22,5";"22,5";"22,3";"97,0";"98,0";"97,0";"22,0";"22,1";"21,8";"1009,6";"1009,6";"1009,4";"1,0";"246,0";"3,7";"6,80";"0,0"
"10/04/2026";"1000";"23,3";"23,6";"22,4";"94,0";"97,0";"94,0";"22,4";"22,7";"22,0";"1009,9";"1009,9";"1009,5";"0,8";"255,0";"1,6";"204,30";"0,0"
"10/04/2026";"1100";"24,5";"24,5";"23,3";"90,0";"95,0";"90,0";"22,7";"23,1";"22,4";"1010,8";"1010,8";"1009,9";"0,6";"246,0";"2,1";"354,50";"0,0"
"10/04/2026";"1200";"26,6";"26,7";"24,5";"84,0";"91,0";"84,0";"23,8";"24,0";"22,7";"1011,4";"1011,4";"1010,8";"1,4";"159,0";"2,7";"861,20";"0,0"
"10/04/2026";"1300";"28,6";"28,6";"26,6";"74,0";"85,0";"74,0";"23,6";"24,8";"23,2";"1011,3";"1011,6";"1011,3";"1,2";"99,0";"2,9";"1606,60";"0,0"
"10/04/2026";"1400";"28,2";"29,1";"27,6";"74,0";"79,0";"71,0";"23,1";"24,2";"22,9";"1011,0";"1011,4";"1011,0";"1,8";"197,0";"4,1";"1777,30";"0,0"
"10/04/2026";"1500";"29,7";"30,4";"28,2";"69,0";"76,0";"66,0";"23,5";"24,2";"22,5";"1010,2";"1011,0";"1010,2";"1,9";"227,0";"4,1";"3001,10";"0,0"
"10/04/2026";"1600";"31,2";"31,4";"29,2";"66,0";"71,0";"65,0";"24,0";"25,2";"22,5";"1009,7";"1010,2";"1009,7";"1,4";"161,0";"5,0";"3260,10";"0,0"
"10/04/2026";"1700";"23,2";"31,2";"23,2";"97,0";"97,0";"65,0";"22,6";"24,6";"22,5";"1009,8";"1009,9";"1009,7";"4,1";"181,0";"10,0";"423,60";"0,0"
"10/04/2026";"1800";"26,0";"26,2";"23,2";"90,0";"97,0";"89,0";"24,3";"24,6";"22,8";"1009,3";"1009,8";"1009,3";"4,2";"164,0";"7,5";"1367,70";"0,0"
"10/04/2026";"1900";"26,8";"26,8";"25,9";"86,0";"92,0";"85,0";"24,1";"24,8";"23,8";"1009,5";"1009,5";"1009,2";"4,3";"170,0";"7,5";"1431,00";"0,0"
"10/04/2026";"2000";"25,8";"27,0";"25,8";"87,0";"87,0";"83,0";"23,4";"24,2";"23,4";"1009,9";"1009,9";"1009,5";"4,3";"166,0";"8,4";"468,00";"0,0"
"10/04/2026";"2100";"25,1";"25,8";"25,1";"91,0";"91,0";"87,0";"23,5";"23,7";"23,4";"1010,6";"1010,7";"1009,9";"2,8";"167,0";"7,3";"8,60";"0,0"
"10/04/2026";"2200";"24,9";"25,2";"24,9";"90,0";"91,0";"89,0";"23,2";"23,5";"23,2";"1011,0";"1011,0";"1010,5";"2,5";"200,0";"4,9";"";"0,0"
"10/04/2026";"2300";"24,4";"24,9";"24,4";"89,0";"91,0";"89,0";"22,6";"23,3";"22,6";"1011,7";"1011,7";"1011,0";"2,7";"212,0";"5,0";"";"0,0"
"11/04/2026";"0000";"24,3";"24,5";"24,3";"91,0";"91,0";"89,0";"22,7";"22,7";"22,4";"1012,8";"1012,8";"1011,7";"2,4";"192,0";"5,6";"";"0,0"
"11/04/2026";"0100";"23,9";"24,3";"23,9";"93,0";"93,0";"91,0";"22,7";"22,8";"22,6";"1012,9";"1012,9";"1012,6";"2,5";"167,0";"5,7";"";"0,0"
"11/04/2026";"0200";"23,5";"24,0";"23,4";"95,0";"95,0";"93,0";"22,6";"22,8";"22,3";"1012,4";"1012,9";"1012,4";"1,3";"153,0";"4,9";"";"0,0"
"11/04/2026";"0300";"23,0";"23,5";"22,9";"95,0";"95,0";"94,0";"22,1";"22,6";"22,0";"1012,3";"1012,5";"1012,3";"2,9";"155,0";"5,5";"";"0,0"
"11/04/2026";"0400";"22,6";"23,0";"22,6";"98,0";"98,0";"95,0";"22,3";"22,5";"22,1";"1012,1";"1012,4";"1012,0";"3,2";"158,0";"5,8";"";"0,0"
"11/04/2026";"0500";"22,6";"22,8";"22,5";"99,0";"99,0";"98,0";"22,3";"22,6";"22,3";"1011,9";"1012,2";"1011,8";"2,5";"115,0";"5,8";"0,10";"0,0"
"11/04/2026";"0600";"21,9";"22,6";"21,9";"97,0";"99,0";"97,0";"21,5";"22,4";"21,4";"1011,7";"1011,9";"1011,6";"1,5";"120,0";"5,9";"0,20";"0,0"
"11/04/2026";"0700";"22,2";"22,3";"21,9";"98,0";"98,0";"97,0";"21,8";"21,9";"21,5";"1011,7";"1011,7";"1011,4";"0,9";"223,0";"2,9";"";"0,0"
"11/04/2026";"0800";"22,3";"22,3";"22,2";"98,0";"98,0";"98,0";"21,9";"22,0";"21,8";"1012,2";"1012,2";"1011,7";"1,2";"226,0";"2,8";"";"0,0"
"11/04/2026";"0900";"22,3";"22,3";"22,2";"97,0";"98,0";"97,0";"21,8";"21,9";"21,7";"1012,6";"1012,6";"1012,1";"1,3";"242,0";"3,1";"3,20";"0,0"
"11/04/2026";"1000";"22,6";"22,6";"22,2";"96,0";"97,0";"96,0";"21,9";"22,0";"21,7";"1013,3";"1013,3";"1012,6";"1,5";"242,0";"3,1";"146,20";"0,0"
"11/04/2026";"1100";"23,3";"23,4";"22,6";"92,0";"96,0";"92,0";"22,0";"22,3";"21,9";"1013,6";"1013,7";"1013,1";"3,0";"201,0";"5,3";"455,70";"0,0"
"11/04/2026";"1200";"24,3";"24,5";"23,3";"88,0";"93,0";"87,0";"22,2";"22,6";"21,9";"1013,9";"1013,9";"1013,6";"2,7";"192,0";"5,3";"1039,80";"0,0"
"11/04/2026";"1300";"25,6";"25,7";"24,2";"83,0";"90,0";"79,0";"22,5";"23,1";"21,4";"1014,1";"1014,1";"1013,9";"3,2";"191,0";"5,0";"1299,40";"0,0"
"11/04/2026";"1400";"25,8";"26,3";"25,1";"80,0";"84,0";"77,0";"22,0";"23,1";"21,8";"1013,7";"1014,1";"1013,7";"3,4";"196,0";"6,0";"1881,70";"0,0"
"11/04/2026";"1500";"26,6";"26,7";"25,6";"79,0";"82,0";"77,0";"22,7";"23,1";"21,8";"1012,9";"1013,6";"1012,9";"2,2";"211,0";"5,7";"2285,50";"0,0"
"11/04/2026";"1600";"26,9";"28,0";"26,4";"77,0";"80,0";"68,0";"22,5";"22,9";"21,3";"1012,3";"1012,9";"1012,3";"2,4";"156,0";"4,5";"1895,60";"0,0"
"11/04/2026";"1700";"24,6";"27,0";"24,5";"88,0";"89,0";"76,0";"22,6";"23,0";"22,2";"1012,0";"1012,3";"1012,0";"2,5";"138,0";"5,8";"420,60";"0,0"
"11/04/2026";"1800";"24,0";"24,7";"23,4";"95,0";"95,0";"88,0";"23,1";"23,2";"22,3";"1011,9";"1012,0";"1011,8";"1,8";"215,0";"5,1";"455,40";"0,0"
"11/04/2026";"1900";"23,4";"24,7";"23,4";"94,0";"95,0";"89,0";"22,4";"23,3";"22,3";"1012,5";"1012,5";"1011,9";"3,5";"190,0";"5,5";"342,80";"0,0"
"11/04/2026";"2000";"23,5";"23,5";"23,1";"95,0";"97,0";"94,0";"22,6";"22,9";"22,3";"1012,8";"1012,8";"1012,5";"3,3";"180,0";"5,8";"62,50";"0,0"
"11/04/2026";"2100";"23,1";"23,6";"23,1";"93,0";"95,0";"91,0";"21,9";"22,6";"21,8";"1013,2";"1013,2";"1012,8";"2,1";"178,0";"7,3";"10,60";"0,0"
"11/04/2026";"2200";"22,9";"23,2";"22,9";"93,0";"94,0";"93,0";"21,8";"22,0";"21,8";"1013,6";"1013,6";"1013,1";"3,0";"183,0";"7,4";"0,60";"0,0"
"11/04/2026";"2300";"22,9";"23,0";"22,9";"94,0";"94,0";"93,0";"21,9";"21,9";"21,8";"1014,3";"1014,3";"1013,6";"2,7";"198,0";"5,5";"0,30";"0,0"
"12/04/2026";"0000";"22,6";"22,9";"22,6";"96,0";"96,0";"94,0";"21,9";"22,0";"21,8";"1014,9";"1014,9";"1014,3";"0,9";"238,0";"4,9";"";"0,0"
"12/04/2026";"0100";"22,1";"22,6";"22,1";"98,0";"98,0";"96,0";"21,7";"21,9";"21,7";"1015,0";"1015,2";"1014,9";"1,4";"221,0";"3,3";"";"0,0"
"12/04/2026";"0200";"22,0";"22,2";"21,8";"99,0";"99,0";"98,0";"21,8";"21,9";"21,6";"1014,8";"1015,2";"1014,7";"1,4";"246,0";"4,0";"0,10";"2,8"
"12/04/2026";"0300";"22,3";"22,4";"22,0";"98,0";"99,0";"98,0";"22,1";"22,2";"21,8";"1014,2";"1014,8";"1014,1";"1,3";"239,0";"5,5";"";"0,0"
"12/04/2026";"0400";"22,2";"22,4";"22,2";"99,0";"99,0";"98,0";"22,1";"22,2";"22,0";"1013,6";"1014,2";"1013,6";"1,7";"259,0";"4,5";"0,10";"0,0"
"12/04/2026";"0500";"22,4";"22,4";"22,1";"99,0";"99,0";"99,0";"22,2";"22,3";"22,0";"1013,2";"1013,7";"1013,2";"1,1";"130,0";"3,6";"";"0,0"
"12/04/2026";"0600";"22,4";"22,6";"22,4";"99,0";"99,0";"99,0";"22,2";"22,4";"22,2";"1012,9";"1013,2";"1012,8";"1,5";"242,0";"2,6";"";"0,0"
"12/04/2026";"0700";"22,1";"22,4";"22,1";"98,0";"99,0";"98,0";"21,8";"22,2";"21,8";"1013,2";"1013,2";"1012,8";"3,0";"188,0";"4,9";"0,40";"0,0"
"12/04/2026";"0800";"21,8";"22,2";"21,8";"98,0";"98,0";"98,0";"21,5";"21,9";"21,4";"1013,5";"1013,5";"1013,2";"1,4";"230,0";"4,9";"0,10";"0,2"
"12/04/2026";"0900";"21,8";"21,9";"21,7";"98,0";"98,0";"98,0";"21,5";"21,6";"21,4";"1014,1";"1014,2";"1013,5";"1,6";"220,0";"3,7";"0,70";"0,0"
"12/04/2026";"1000";"22,0";"22,0";"21,7";"99,0";"99,0";"98,0";"21,8";"21,8";"21,5";"1014,8";"1014,8";"1014,1";"1,7";"232,0";"3,8";"95,90";"0,0"
"12/04/2026";"1100";"22,1";"22,2";"21,8";"99,0";"99,0";"98,0";"21,9";"22,0";"21,6";"1015,0";"1015,0";"1014,8";"2,2";"265,0";"4,0";"197,30";"3,4"
"12/04/2026";"1200";"23,0";"23,0";"22,0";"98,0";"99,0";"98,0";"22,7";"22,8";"21,8";"1015,2";"1015,3";"1015,1";"1,3";"234,0";"4,3";"366,00";"0,2"
"12/04/2026";"1300";"23,4";"23,4";"22,9";"98,0";"98,0";"98,0";"23,0";"23,0";"22,5";"1015,5";"1015,5";"1015,2";"0,9";"249,0";"3,3";"428,70";"6,4"
"12/04/2026";"1400";"24,6";"24,6";"23,0";"97,0";"98,0";"97,0";"24,2";"24,2";"22,7";"1014,5";"1015,6";"1014,5";"1,4";"301,0";"3,3";"889,10";"3,2"
"12/04/2026";"1500";"27,3";"27,5";"24,4";"83,0";"97,0";"80,0";"24,2";"24,8";"23,2";"1013,4";"1014,5";"1013,4";"2,3";"128,0";"4,3";"1794,80";"0,0"
"12/04/2026";"1600";"26,6";"27,6";"26,5";"78,0";"83,0";"73,0";"22,6";"23,6";"22,2";"1012,7";"1013,4";"1012,7";"3,5";"130,0";"7,2";"1568,30";"0,0"
"12/04/2026";"1700";"27,1";"28,3";"26,7";"74,0";"79,0";"71,0";"22,0";"23,5";"21,7";"1012,1";"1012,7";"1012,1";"4,3";"136,0";"8,6";"1471,80";"0,0"
"12/04/2026";"1800";"26,6";"27,5";"26,3";"77,0";"80,0";"72,0";"22,2";"22,6";"21,8";"1011,9";"1012,1";"1011,9";"3,3";"143,0";"8,3";"842,10";"0,0"
"12/04/2026";"1900";"26,6";"26,8";"26,5";"76,0";"78,0";"72,0";"22,1";"22,4";"21,2";"1011,8";"1011,9";"1011,8";"3,6";"146,0";"8,0";"639,20";"0,0"
"12/04/2026";"2000";"25,9";"26,6";"25,9";"79,0";"79,0";"74,0";"22,0";"22,1";"21,4";"1012,2";"1012,2";"1011,8";"2,6";"153,0";"7,1";"326,60";"0,0"
"12/04/2026";"2100";"25,0";"25,9";"25,0";"82,0";"82,0";"79,0";"21,8";"22,2";"21,7";"1012,5";"1012,6";"1012,2";"1,7";"151,0";"5,1";"31,50";"0,0"
"12/04/2026";"2200";"24,2";"25,0";"24,1";"86,0";"86,0";"76,0";"21,7";"21,9";"20,0";"1013,1";"1013,1";"1012,5";"0,9";"182,0";"6,5";"";"0,0"
"12/04/2026";"2300";"24,3";"24,5";"24,1";"88,0";"88,0";"85,0";"22,2";"22,2";"21,7";"1013,6";"1013,6";"1013,1";"2,0";"204,0";"3,9";"";"0,0"
"13/04/2026";"0000";"23,9";"24,3";"23,9";"91,0";"91,0";"88,0";"22,5";"22,6";"22,2";"1013,7";"1013,8";"1013,6";"2,1";"207,0";"4,7";"";"0,0"
"13/04/2026";"0100";"23,0";"23,9";"23,0";"94,0";"94,0";"91,0";"21,9";"22,5";"21,9";"1013,8";"1013,9";"1013,7";"2,6";"174,0";"4,6";"";"2,8"
"13/04/2026";"0200";"22,8";"23,0";"22,7";"94,0";"95,0";"92,0";"21,9";"22,1";"21,4";"1013,4";"1013,8";"1013,4";"1,7";"229,0";"5,8";"";"0,6"
"13/04/2026";"0300";"22,3";"22,9";"22,3";"94,0";"95,0";"94,0";"21,4";"21,9";"21,3";"1013,0";"1013,4";"1013,0";"1,8";"238,0";"3,4";"";"0,0"
"13/04/2026";"0400";"22,3";"22,4";"22,2";"94,0";"94,0";"94,0";"21,3";"21,4";"21,2";"1012,1";"1013,0";"1012,1";"1,7";"219,0";"3,1";"";"0,0"
"13/04/2026";"0500";"21,7";"22,3";"21,7";"94,0";"94,0";"94,0";"20,8";"21,3";"20,8";"1011,5";"1012,1";"1011,5";"1,5";"233,0";"3,2";"";"0,0"
"13/04/2026";"0600";"21,2";"21,7";"21,2";"96,0";"96,0";"94,0";"20,5";"20,8";"20,5";"1010,9";"1011,5";"1010,9";"1,5";"234,0";"3,1";"";"0,0"
"13/04/2026";"0700";"21,2";"21,3";"21,2";"94,0";"96,0";"94,0";"20,3";"20,5";"20,2";"1011,0";"1011,0";"1010,8";"1,9";"232,0";"3,8";"";"0,0"
"13/04/2026";"0800";"21,2";"21,3";"21,2";"95,0";"95,0";"94,0";"20,4";"20,4";"20,2";"1011,3";"1011,3";"1011,0";"1,7";"233,0";"3,7";"";"0,0"
"13/04/2026";"0900";"21,2";"21,3";"21,2";"95,0";"95,0";"95,0";"20,4";"20,5";"20,4";"1011,6";"1011,6";"1011,3";"1,4";"225,0";"3,6";"4,50";"0,0"
"13/04/2026";"1000";"22,7";"22,7";"21,2";"92,0";"95,0";"92,0";"21,2";"21,2";"20,4";"1012,3";"1012,3";"1011,6";"1,7";"248,0";"3,2";"367,90";"0,0"
"13/04/2026";"1100";"24,6";"24,8";"22,7";"83,0";"92,0";"83,0";"21,6";"22,1";"21,2";"1012,5";"1012,5";"1012,3";"2,1";"230,0";"3,8";"1274,00";"0,0"
"13/04/2026";"1200";"26,2";"26,5";"24,5";"80,0";"85,0";"77,0";"22,4";"22,7";"21,6";"1013,0";"1013,0";"1012,5";"3,0";"199,0";"5,6";"1956,90";"0,0"
"13/04/2026";"1300";"26,8";"27,3";"26,1";"71,0";"80,0";"70,0";"21,0";"22,5";"21,0";"1013,1";"1013,2";"1013,0";"2,8";"165,0";"5,6";"1804,70";"0,0"
"13/04/2026";"1400";"27,6";"28,3";"26,5";"69,0";"75,0";"68,0";"21,4";"23,2";"21,1";"1012,6";"1013,2";"1012,6";"2,8";"151,0";"5,8";"2647,40";"0,0"
"13/04/2026";"1500";"27,9";"28,6";"27,6";"70,0";"71,0";"62,0";"21,9";"22,1";"20,2";"1012,0";"1012,6";"1012,0";"3,4";"124,0";"7,0";"2487,30";"0,0"
"13/04/2026";"1600";"28,1";"28,6";"26,9";"68,0";"73,0";"65,0";"21,7";"22,2";"20,7";"1011,3";"1012,0";"1011,3";"4,4";"113,0";"7,5";"2361,60";"0,0"
"13/04/2026";"1700";"28,2";"28,9";"27,7";"66,0";"69,0";"63,0";"21,2";"22,0";"20,3";"1010,7";"1011,3";"1010,7";"3,8";"123,0";"7,0";"2513,40";"0,0"
"13/04/2026";"1800";"28,0";"28,5";"27,4";"65,0";"69,0";"63,0";"20,7";"21,9";"20,4";"1010,4";"1010,7";"1010,4";"3,9";"127,0";"7,3";"1960,70";"0,0"
"13/04/2026";"1900";"26,9";"28,0";"26,8";"68,0";"68,0";"64,0";"20,5";"21,2";"20,0";"1010,3";"1010,5";"1010,2";"3,2";"132,0";"6,9";"1239,50";"0,0"
"13/04/2026";"2000";"26,2";"27,1";"26,1";"73,0";"74,0";"66,0";"21,1";"21,3";"20,2";"1010,6";"1010,7";"1010,3";"2,4";"137,0";"6,0";"446,90";"0,0"
"13/04/2026";"2100";"25,0";"26,2";"24,9";"80,0";"80,0";"72,0";"21,2";"21,2";"20,7";"1011,0";"1011,0";"1010,6";"1,6";"155,0";"4,7";"31,10";"0,0"
"13/04/2026";"2200";"24,3";"25,0";"24,2";"85,0";"85,0";"80,0";"21,5";"21,5";"21,1";"1011,5";"1011,5";"1011,0";"1,0";"177,0";"3,4";"";"0,0"
"13/04/2026";"2300";"23,9";"24,4";"23,7";"87,0";"88,0";"84,0";"21,6";"21,8";"21,5";"1011,9";"1011,9";"1011,5";"1,3";"203,0";"2,2";"";"0,0"
"14/04/2026";"0000";"23,1";"23,9";"23,1";"87,0";"87,0";"83,0";"20,8";"21,6";"20,6";"1011,9";"1011,9";"1011,8";"1,1";"221,0";"2,9";"";"0,0"
"14/04/2026";"0100";"22,7";"23,4";"22,7";"89,0";"89,0";"85,0";"20,8";"20,9";"20,6";"1011,8";"1012,1";"1011,8";"1,4";"215,0";"2,7";"";"0,0"
"14/04/2026";"0200";"22,7";"22,7";"22,1";"92,0";"93,0";"89,0";"21,3";"21,3";"20,7";"1011,8";"1011,9";"1011,7";"1,6";"220,0";"3,0";"";"0,0"
"14/04/2026";"0300";"22,7";"23,0";"22,7";"91,0";"92,0";"90,0";"21,2";"21,4";"21,2";"1011,1";"1011,8";"1011,1";"1,3";"197,0";"3,7";"";"0,0"
"14/04/2026";"0400";"21,4";"22,7";"21,4";"95,0";"95,0";"90,0";"20,6";"21,2";"20,4";"1010,6";"1011,2";"1010,6";"1,6";"272,0";"2,3";"";"0,0"
"14/04/2026";"0500";"21,7";"21,9";"21,4";"94,0";"96,0";"94,0";"20,7";"21,0";"20,6";"1010,0";"1010,6";"1010,0";"1,7";"234,0";"2,9";"";"0,0"
"14/04/2026";"0600";"21,3";"21,8";"21,2";"95,0";"95,0";"94,0";"20,4";"20,7";"20,3";"1009,8";"1010,0";"1009,7";"1,7";"259,0";"2,8";"";"0,0"
"14/04/2026";"0700";"21,6";"21,6";"21,3";"93,0";"95,0";"93,0";"20,4";"20,5";"20,3";"1009,9";"1009,9";"1009,7";"1,2";"223,0";"3,2";"";"0,0"
"14/04/2026";"0800";"21,2";"21,7";"21,2";"94,0";"94,0";"93,0";"20,2";"20,5";"20,2";"1009,8";"1009,9";"1009,7";"1,4";"243,0";"4,0";"";"0,0"
"14/04/2026";"0900";"21,0";"21,2";"20,9";"94,0";"95,0";"94,0";"20,0";"20,2";"20,0";"1010,4";"1010,4";"1009,7";"1,5";"249,0";"3,6";"5,50";"0,0"
"14/04/2026";"1000";"22,6";"22,6";"21,0";"87,0";"94,0";"87,0";"20,4";"20,5";"20,0";"1010,9";"1010,9";"1010,4";"1,5";"233,0";"3,2";"366,00";"0,0"
"14/04/2026";"1100";"25,0";"25,2";"22,5";"79,0";"88,0";"79,0";"21,2";"21,8";"20,3";"1011,5";"1011,5";"1010,9";"2,0";"241,0";"4,1";"1254,60";"0,0"
"14/04/2026";"1200";"26,4";"26,5";"24,8";"74,0";"80,0";"73,0";"21,3";"21,7";"20,7";"1011,7";"1011,7";"1011,4";"2,3";"222,0";"5,2";"1913,80";"0,0"
"14/04/2026";"1300";"27,3";"27,5";"26,1";"66,0";"75,0";"66,0";"20,4";"21,7";"20,3";"1011,6";"1011,8";"1011,6";"2,1";"193,0";"4,6";"2266,60";"0,0"
"14/04/2026";"1400";"28,0";"28,3";"27,2";"58,0";"69,0";"55,0";"19,0";"21,1";"18,2";"1010,5";"1011,6";"1010,5";"2,9";"179,0";"5,1";"3124,30";"0,0"
"14/04/2026";"1500";"28,8";"29,4";"27,6";"59,0";"64,0";"56,0";"20,1";"21,0";"18,8";"1009,5";"1010,5";"1009,5";"2,3";"180,0";"5,1";"2951,90";"0,0"
"14/04/2026";"1600";"28,7";"29,5";"27,9";"60,0";"61,0";"52,0";"20,2";"20,4";"18,5";"1008,6";"1009,6";"1008,6";"2,5";"141,0";"4,9";"2658,30";"0,0"
"14/04/2026";"1700";"28,5";"29,0";"27,7";"64,0";"66,0";"60,0";"21,0";"21,7";"19,9";"1007,9";"1008,6";"1007,9";"2,8";"103,0";"6,0";"2090,90";"0,0"
"14/04/2026";"1800";"27,6";"28,9";"27,2";"59,0";"64,0";"57,0";"18,8";"21,3";"18,7";"1007,9";"1007,9";"1007,8";"3,9";"122,0";"6,5";"1636,80";"0,0"
"14/04/2026";"1900";"26,9";"27,7";"26,9";"66,0";"66,0";"58,0";"20,0";"20,4";"18,5";"1007,9";"1007,9";"1007,8";"3,7";"130,0";"7,1";"1483,40";"0,0"
"14/04/2026";"2000";"25,7";"27,1";"25,7";"77,0";"77,0";"66,0";"21,4";"21,4";"20,2";"1008,5";"1008,5";"1007,9";"2,7";"132,0";"7,1";"604,80";"0,0"
"14/04/2026";"2100";"24,5";"25,7";"24,5";"82,0";"82,0";"77,0";"21,2";"21,4";"21,1";"1008,7";"1008,7";"1008,5";"1,3";"127,0";"4,4";"24,40";"0,0"
"14/04/2026";"2200";"24,0";"24,5";"23,9";"85,0";"85,0";"82,0";"21,2";"21,3";"21,1";"1009,4";"1009,4";"1008,7";"1,6";"153,0";"2,8";"";"0,0"
"14/04/2026";"2300";"23,8";"24,0";"23,7";"85,0";"86,0";"85,0";"21,2";"21,4";"21,2";"1010,3";"1010,3";"1009,4";"1,6";"176,0";"3,3";"";"0,0"
"15/04/2026";"0000";"23,5";"24,0";"23,5";"85,0";"85,0";"83,0";"20,9";"21,1";"20,8";"1010,6";"1010,7";"1010,3";"3,1";"188,0";"5,0";"";"0,0"
"15/04/2026";"0100";"22,9";"23,5";"22,9";"89,0";"89,0";"86,0";"21,0";"21,0";"20,9";"1010,4";"1010,6";"1010,4";"1,4";"182,0";"5,0";"";"0,0"
"15/04/2026";"0200";"22,1";"22,9";"22,0";"93,0";"93,0";"88,0";"20,9";"20,9";"20,7";"1010,5";"1010,5";"1010,2";"1,5";"225,0";"2,5";"";"0,0"
"15/04/2026";"0300";"21,2";"22,1";"21,2";"95,0";"95,0";"92,0";"20,4";"20,8";"20,4";"1010,4";"1010,6";"1010,4";"1,3";"256,0";"2,4";"";"0,0"
"15/04/2026";"0400";"21,3";"21,7";"21,2";"95,0";"95,0";"94,0";"20,5";"20,8";"20,4";"1010,0";"1010,4";"1010,0";"1,4";"239,0";"2,6";"";"0,0"
"15/04/2026";"0500";"21,1";"21,3";"21,0";"96,0";"96,0";"95,0";"20,4";"20,5";"20,3";"1009,6";"1010,0";"1009,6";"1,3";"251,0";"3,0";"";"0,0"
"15/04/2026";"0600";"21,1";"21,5";"21,1";"95,0";"96,0";"94,0";"20,2";"20,6";"20,2";"1009,5";"1009,8";"1009,5";"1,5";"254,0";"3,9";"";"0,0"
"15/04/2026";"0700";"20,6";"21,1";"20,6";"95,0";"96,0";"95,0";"19,8";"20,2";"19,8";"1009,2";"1009,5";"1009,2";"1,4";"264,0";"3,6";"";"0,0"
"15/04/2026";"0800";"20,5";"20,6";"20,5";"96,0";"96,0";"95,0";"19,9";"19,9";"19,8";"1009,4";"1009,5";"1009,1";"1,6";"265,0";"3,2";"";"0,0"
"15/04/2026";"0900";"20,4";"20,6";"20,3";"96,0";"97,0";"96,0";"19,7";"20,0";"19,7";"1009,5";"1009,5";"1009,3";"1,5";"271,0";"3,0";"3,70";"0,0"
"15/04/2026";"1000";"22,3";"22,3";"20,4";"89,0";"96,0";"89,0";"20,5";"20,5";"19,8";"1010,1";"1010,1";"1009,5";"1,9";"275,0";"4,3";"371,30";"0,0"
"15/04/2026";"1100";"23,0";"23,4";"22,3";"85,0";"89,0";"83,0";"20,3";"20,7";"19,8";"1010,7";"1010,7";"1010,1";"1,0";"221,0";"3,5";"757,30";"0,0"
"15/04/2026";"1200";"24,8";"24,8";"22,9";"77,0";"85,0";"75,0";"20,6";"20,6";"19,8";"1011,0";"1011,0";"1010,6";"2,4";"223,0";"4,9";"1294,70";"0,0"
"15/04/2026";"1300";"26,9";"27,4";"24,9";"69,0";"77,0";"66,0";"20,6";"20,9";"19,8";"1011,1";"1011,2";"1011,0";"3,8";"209,0";"6,6";"2731,20";"0,0"
"15/04/2026";"1400";"27,9";"28,1";"26,5";"66,0";"69,0";"63,0";"20,9";"21,3";"19,7";"1010,2";"1011,1";"1010,2";"2,8";"234,0";"6,6";"2953,00";"0,0"
"15/04/2026";"1500";"28,3";"29,8";"27,7";"63,0";"66,0";"60,0";"20,5";"22,0";"19,9";"1009,6";"1010,2";"1009,6";"2,7";"173,0";"5,7";"2552,70";"0,0"
"15/04/2026";"1600";"28,2";"29,5";"28,2";"64,0";"65,0";"58,0";"20,7";"21,7";"19,8";"1009,1";"1009,6";"1009,1";"2,9";"163,0";"5,5";"2595,70";"0,0"
"15/04/2026";"1700";"27,5";"30,1";"27,5";"69,0";"71,0";"57,0";"21,3";"22,4";"20,1";"1008,8";"1009,1";"1008,8";"3,7";"136,0";"6,8";"2177,90";"0,0"
"15/04/2026";"1800";"27,7";"28,0";"26,6";"73,0";"79,0";"69,0";"22,4";"23,0";"21,4";"1008,2";"1008,9";"1008,2";"2,7";"131,0";"6,8";"847,10";"0,0"
"15/04/2026";"1900";"27,6";"28,5";"27,1";"72,0";"76,0";"67,0";"22,0";"23,1";"21,3";"1007,8";"1008,2";"1007,8";"2,4";"127,0";"5,3";"1050,10";"0,0"
"15/04/2026";"2000";"26,6";"28,0";"26,6";"75,0";"75,0";"69,0";"21,8";"22,5";"21,8";"1008,1";"1008,1";"1007,8";"2,3";"131,0";"5,2";"644,60";"0,0"
"15/04/2026";"2100";"25,5";"26,6";"25,5";"78,0";"79,0";"75,0";"21,4";"22,0";"21,4";"1008,7";"1008,7";"1008,1";"2,2";"139,0";"4,5";"34,90";"0,0"
"15/04/2026";"2200";"24,6";"25,5";"24,6";"78,0";"80,0";"78,0";"20,5";"21,5";"20,5";"1009,3";"1009,3";"1008,7";"1,7";"157,0";"3,7";"";"0,0"
"15/04/2026";"2300";"24,2";"24,6";"24,2";"81,0";"81,0";"78,0";"20,6";"20,6";"20,5";"1009,9";"1010,0";"1009,3";"1,1";"125,0";"3,1";"";"0,0"
"16/04/2026";"0000";"24,2";"24,2";"23,8";"82,0";"85,0";"80,0";"20,9";"21,0";"20,6";"1010,0";"1010,0";"1009,9";"1,1";"136,0";"1,9";"";"0,0"
"16/04/2026";"0100";"24,4";"24,4";"24,2";"83,0";"84,0";"82,0";"21,3";"21,3";"20,9";"1009,7";"1009,9";"1009,7";"1,2";"158,0";"2,2";"";"0,0"
"16/04/2026";"0200";"24,6";"24,7";"24,3";"84,0";"84,0";"83,0";"21,7";"21,7";"21,3";"1009,4";"1009,7";"1009,4";"1,8";"177,0";"3,9";"";"0,0"
"16/04/2026";"0300";"23,8";"24,6";"23,8";"88,0";"88,0";"84,0";"21,7";"21,8";"21,7";"1009,0";"1009,4";"1009,0";"1,4";"218,0";"4,9";"";"0,0"
"16/04/2026";"0400";"22,9";"23,8";"22,9";"92,0";"92,0";"88,0";"21,6";"21,8";"21,6";"1008,3";"1009,0";"1008,3";"2,1";"213,0";"4,6";"";"0,0"
"16/04/2026";"0500";"22,5";"22,9";"22,5";"92,0";"93,0";"92,0";"21,2";"21,5";"21,2";"1008,1";"1008,3";"1008,1";"1,8";"222,0";"4,5";"";"0,0"
"16/04/2026";"0600";"21,7";"22,5";"21,7";"93,0";"93,0";"92,0";"20,6";"21,2";"20,6";"1008,0";"1008,1";"1008,0";"1,9";"259,0";"3,8";"";"0,0"
"16/04/2026";"0700";"21,3";"21,8";"21,3";"92,0";"93,0";"91,0";"20,0";"20,6";"20,0";"1008,1";"1008,1";"1008,0";"1,6";"280,0";"3,4";"";"0,0"
"16/04/2026";"0800";"20,8";"21,3";"20,8";"95,0";"95,0";"92,0";"19,9";"20,0";"19,9";"1008,5";"1008,5";"1008,1";"1,7";"286,0";"3,1";"";"0,0"
"16/04/2026";"0900";"21,0";"21,1";"20,7";"92,0";"95,0";"92,0";"19,7";"19,9";"19,7";"1008,9";"1008,9";"1008,4";"1,6";"273,0";"3,7";"3,60";"0,0"
"16/04/2026";"1000";"23,0";"23,0";"21,0";"85,0";"93,0";"85,0";"20,3";"20,5";"19,7";"1009,3";"1009,3";"1008,9";"2,1";"282,0";"3,9";"393,10";"0,0"
"16/04/2026";"1100";"24,9";"25,0";"22,9";"77,0";"85,0";"77,0";"20,5";"20,9";"20,2";"1009,8";"1009,8";"1009,3";"2,8";"268,0";"4,6";"1256,10";"0,0"
"16/04/2026";"1200";"26,9";"27,1";"24,9";"64,0";"77,0";"64,0";"19,6";"21,1";"19,4";"1010,1";"1010,1";"1009,8";"2,8";"219,0";"5,5";"1942,00";"0,0"
"16/04/2026";"1300";"27,7";"28,0";"26,7";"62,0";"67,0";"62,0";"19,7";"20,6";"19,5";"1009,9";"1010,1";"1009,9";"2,2";"222,0";"5,5";"2484,70";"0,0"
"16/04/2026";"1400";"28,7";"28,9";"27,7";"58,0";"64,0";"58,0";"19,6";"20,7";"19,5";"1009,0";"1009,9";"1009,0";"3,4";"194,0";"5,6";"2846,90";"0,0"
"16/04/2026";"1500";"29,3";"29,8";"28,5";"56,0";"61,0";"56,0";"19,8";"21,2";"19,3";"1007,9";"1009,0";"1007,9";"2,9";"168,0";"5,9";"2938,80";"0,0"
"16/04/2026";"1600";"29,1";"30,4";"28,4";"58,0";"61,0";"55,0";"19,9";"21,5";"19,6";"1007,1";"1007,9";"1007,1";"2,5";"167,0";"5,4";"2187,00";"0,0"
"16/04/2026";"1700";"28,5";"30,4";"28,0";"71,0";"72,0";"56,0";"22,8";"23,0";"19,7";"1006,4";"1007,1";"1006,4";"3,3";"112,0";"6,2";"1767,00";"0,0"
"16/04/2026";"1800";"28,3";"29,4";"28,0";"69,0";"72,0";"68,0";"22,0";"23,3";"22,0";"1006,3";"1006,5";"1006,2";"4,3";"123,0";"6,6";"1873,90";"0,0"
"16/04/2026";"1900";"27,6";"28,6";"27,6";"68,0";"70,0";"66,0";"21,1";"22,5";"21,1";"1006,3";"1006,3";"1006,1";"3,8";"106,0";"7,0";"1471,30";"0,0"
"16/04/2026";"2000";"26,5";"27,8";"26,5";"75,0";"75,0";"67,0";"21,8";"21,9";"20,9";"1006,5";"1006,5";"1006,3";"2,4";"126,0";"6,1";"566,30";"0,0"
"16/04/2026";"2100";"25,2";"26,5";"25,2";"82,0";"82,0";"75,0";"21,9";"22,0";"21,8";"1006,7";"1006,7";"1006,5";"2,2";"139,0";"5,0";"24,60";"0,0"
"16/04/2026";"2200";"24,6";"25,2";"24,5";"87,0";"87,0";"82,0";"22,3";"22,3";"21,9";"1007,4";"1007,4";"1006,7";"2,2";"156,0";"4,3";"";"0,0"
"16/04/2026";"2300";"24,4";"24,6";"24,4";"88,0";"88,0";"87,0";"22,2";"22,3";"22,2";"1007,9";"1007,9";"1007,4";"1,7";"174,0";"3,8";"";"0,0"
"17/04/2026";"0000";"24,3";"24,5";"24,3";"88,0";"88,0";"87,0";"22,2";"22,3";"22,1";"1008,1";"1008,2";"1007,9";"1,6";"188,0";"3,5";"";"0,0"
"17/04/2026";"0100";"23,7";"24,3";"23,7";"91,0";"91,0";"88,0";"22,2";"22,3";"22,1";"1007,9";"1008,2";"1007,9";"1,7";"196,0";"3,2";"";"0,0"
"17/04/2026";"0200";"23,3";"23,7";"23,3";"93,0";"93,0";"91,0";"22,1";"22,2";"22,0";"1007,4";"1007,9";"1007,4";"1,5";"196,0";"3,1";"";"0,0"
"17/04/2026";"0300";"22,4";"23,3";"22,4";"94,0";"94,0";"93,0";"21,5";"22,1";"21,5";"1007,1";"1007,4";"1007,1";"0,8";"284,0";"3,1";"";"0,0"
"17/04/2026";"0400";"22,2";"22,4";"22,1";"97,0";"97,0";"94,0";"21,6";"21,6";"21,4";"1006,8";"1007,1";"1006,8";"1,6";"255,0";"2,5";"";"0,0"
"17/04/2026";"0500";"22,1";"22,3";"22,1";"97,0";"97,0";"96,0";"21,5";"21,7";"21,5";"1006,5";"1006,9";"1006,4";"1,4";"267,0";"2,8";"";"0,0"
"17/04/2026";"0600";"22,0";"22,1";"21,9";"98,0";"98,0";"97,0";"21,6";"21,6";"21,4";"1006,4";"1006,5";"1006,3";"1,4";"260,0";"2,5";"";"0,0"
"17/04/2026";"0700";"22,0";"22,1";"21,9";"98,0";"98,0";"98,0";"21,6";"21,7";"21,6";"1006,3";"1006,4";"1006,2";"1,4";"234,0";"2,8";"";"0,0"
"17/04/2026";"0800";"21,6";"22,0";"21,6";"98,0";"98,0";"98,0";"21,3";"21,6";"21,3";"1006,6";"1006,6";"1006,3";"1,4";"272,0";"2,4";"";"0,0"
"17/04/2026";"0900";"21,8";"21,8";"21,6";"99,0";"99,0";"98,0";"21,5";"21,6";"21,3";"1006,8";"1006,9";"1006,6";"1,0";"252,0";"2,9";"4,90";"0,0"
"17/04/2026";"1000";"22,9";"22,9";"21,8";"98,0";"99,0";"98,0";"22,6";"22,6";"21,5";"1007,5";"1007,5";"1006,8";"1,3";"250,0";"2,2";"319,70";"0,0"
"17/04/2026";"1100";"24,7";"24,8";"23,0";"88,0";"98,0";"88,0";"22,6";"22,9";"22,2";"1008,2";"1008,2";"1007,5";"1,8";"248,0";"3,1";"961,30";"0,0"
"17/04/2026";"1200";"26,0";"26,0";"24,5";"83,0";"89,0";"82,0";"22,9";"23,3";"22,3";"1009,0";"1009,0";"1008,2";"1,7";"227,0";"3,1";"1573,00";"0,0"
"17/04/2026";"1300";"27,4";"27,4";"25,9";"72,0";"83,0";"71,0";"22,0";"23,2";"21,3";"1008,6";"1009,0";"1008,6";"1,4";"223,0";"4,1";"1554,50";"0,0"
"17/04/2026";"1400";"27,7";"28,8";"27,2";"68,0";"74,0";"67,0";"21,3";"22,7";"20,9";"1007,8";"1008,6";"1007,8";"1,8";"203,0";"3,4";"1747,80";"0,0"
"17/04/2026";"1500";"28,7";"28,8";"27,5";"66,0";"69,0";"65,0";"21,7";"22,3";"20,8";"1007,0";"1007,8";"1007,0";"1,5";"138,0";"3,1";"1916,90";"0,0"
"17/04/2026";"1600";"28,1";"29,6";"28,0";"68,0";"70,0";"64,0";"21,6";"22,6";"21,5";"1006,4";"1007,0";"1006,4";"2,0";"134,0";"5,5";"1740,40";"0,0"
"17/04/2026";"1700";"28,6";"29,0";"28,1";"68,0";"70,0";"66,0";"22,1";"22,7";"21,7";"1005,6";"1006,4";"1005,5";"2,1";"51,0";"4,0";"1870,20";"0,0"
"17/04/2026";"1800";"27,9";"29,0";"27,8";"72,0";"72,0";"68,0";"22,4";"22,8";"22,0";"1005,3";"1005,6";"1005,2";"2,4";"90,0";"5,1";"1589,40";"0,0"
"17/04/2026";"1900";"27,3";"28,0";"27,2";"73,0";"75,0";"70,0";"22,0";"22,7";"21,5";"1005,1";"1005,3";"1005,0";"2,3";"87,0";"4,6";"987,20";"0,0"
"17/04/2026";"2000";"25,9";"27,3";"25,8";"82,0";"82,0";"72,0";"22,5";"22,5";"21,6";"1005,5";"1005,5";"1005,1";"1,5";"64,0";"3,7";"339,80";"0,0"
"17/04/2026";"2100";"24,5";"25,9";"24,5";"87,0";"87,0";"81,0";"22,2";"22,4";"22,2";"1005,4";"1005,5";"1005,3";"1,5";"70,0";"3,0";"19,60";"0,0"
"17/04/2026";"2200";"23,7";"24,5";"23,7";"91,0";"91,0";"87,0";"22,1";"22,3";"22,1";"1005,5";"1005,5";"1005,2";"1,3";"65,0";"3,1";"";"0,0"
"17/04/2026";"2300";"23,3";"23,8";"23,2";"92,0";"93,0";"90,0";"22,0";"22,1";"21,9";"1005,8";"1005,8";"1005,5";"0,5";"13,0";"2,3";"";"0,0"
"18/04/2026";"0000";"22,7";"23,3";"22,7";"94,0";"94,0";"92,0";"21,7";"22,0";"21,6";"1006,2";"1006,2";"1005,8";"0,3";"44,0";"1,2";"";"0,0"
"18/04/2026";"0100";"22,3";"22,7";"22,3";"95,0";"95,0";"94,0";"21,5";"21,7";"21,4";"1006,1";"1006,2";"1006,0";"1,1";"21,0";"1,7";"";"0,0"
"18/04/2026";"0200";"22,0";"22,4";"22,0";"95,0";"95,0";"94,0";"21,2";"21,5";"21,1";"1006,4";"1006,5";"1006,1";"0,6";"276,0";"1,7";"";"0,0"
"18/04/2026";"0300";"21,2";"22,0";"21,2";"96,0";"96,0";"95,0";"20,6";"21,3";"20,6";"1006,3";"1006,5";"1006,3";"0,6";"324,0";"1,0";"";"0,0"
"18/04/2026";"0400";"21,2";"21,3";"20,9";"97,0";"97,0";"96,0";"20,7";"20,9";"20,4";"1006,1";"1006,3";"1006,1";"0,7";"301,0";"1,9";"";"0,0"
"18/04/2026";"0500";"21,4";"21,4";"21,2";"98,0";"98,0";"97,0";"21,0";"21,0";"20,7";"1005,9";"1006,1";"1005,9";"0,7";"302,0";"2,1";"";"0,0"
"18/04/2026";"0600";"21,3";"21,6";"21,2";"98,0";"98,0";"98,0";"21,0";"21,2";"20,8";"1005,7";"1005,9";"1005,7";"0,8";"304,0";"2,3";"";"0,0"
"18/04/2026";"0700";"21,2";"21,5";"21,1";"98,0";"98,0";"98,0";"21,0";"21,2";"20,8";"1005,8";"1005,8";"1005,7";"0,5";"312,0";"1,8";"";"0,0"
"18/04/2026";"0800";"20,7";"21,2";"20,7";"98,0";"99,0";"98,0";"20,5";"20,9";"20,5";"1005,9";"1006,0";"1005,8";"0,3";"274,0";"1,1";"";"0,0"
"18/04/2026";"0900";"20,4";"20,8";"20,1";"99,0";"99,0";"98,0";"20,2";"20,6";"19,8";"1006,2";"1006,2";"1005,9";"0,7";"321,0";"1,2";"4,40";"0,0"
"18/04/2026";"1000";"23,4";"23,4";"20,3";"95,0";"99,0";"95,0";"22,6";"22,7";"20,1";"1006,6";"1006,7";"1006,2";"0,8";"340,0";"1,9";"370,10";"0,0"
"18/04/2026";"1100";"25,6";"25,7";"23,4";"85,0";"95,0";"84,0";"22,8";"23,2";"22,0";"1007,2";"1007,2";"1006,6";"1,8";"312,0";"3,6";"1227,60";"0,0"
"18/04/2026";"1200";"26,8";"27,0";"25,4";"74,0";"85,0";"73,0";"21,8";"23,1";"21,5";"1007,6";"1007,6";"1007,2";"2,4";"330,0";"4,4";"1954,50";"0,0"
"18/04/2026";"1300";"28,7";"28,8";"26,8";"69,0";"76,0";"68,0";"22,5";"23,0";"21,7";"1007,5";"1007,7";"1007,5";"1,4";"3,0";"4,9";"2512,50";"0,0"
"18/04/2026";"1400";"29,4";"30,1";"28,0";"63,0";"71,0";"63,0";"21,6";"22,9";"21,4";"1006,7";"1007,5";"1006,7";"1,6";"297,0";"4,2";"2838,00";"0,0"
"18/04/2026";"1500";"30,0";"30,3";"28,6";"61,0";"66,0";"60,0";"21,8";"22,6";"20,9";"1005,4";"1006,7";"1005,4";"1,3";"12,0";"4,7";"2639,90";"0,0"
"18/04/2026";"1600";"30,3";"30,6";"29,6";"61,0";"63,0";"57,0";"21,9";"22,1";"20,7";"1004,4";"1005,4";"1004,4";"1,8";"2,0";"3,8";"2141,30";"0,0"
"18/04/2026";"1700";"30,0";"31,2";"29,9";"68,0";"68,0";"57,0";"23,4";"23,4";"20,7";"1003,8";"1004,4";"1003,8";"2,4";"34,0";"5,2";"2289,20";"0,0"
"18/04/2026";"1800";"28,5";"30,1";"28,4";"73,0";"73,0";"63,0";"23,0";"23,5";"22,0";"1003,5";"1003,8";"1003,4";"3,0";"57,0";"5,6";"1327,80";"0,0"
"18/04/2026";"1900";"27,5";"28,8";"27,5";"77,0";"77,0";"72,0";"23,1";"23,6";"23,0";"1003,5";"1003,5";"1003,4";"3,4";"56,0";"5,6";"1015,60";"0,0"
"18/04/2026";"2000";"26,2";"27,6";"26,2";"84,0";"84,0";"77,0";"23,4";"23,5";"23,1";"1003,5";"1003,6";"1003,3";"2,4";"51,0";"5,6";"304,00";"0,0"
"18/04/2026";"2100";"25,2";"26,2";"25,2";"89,0";"89,0";"84,0";"23,2";"23,4";"23,2";"1003,6";"1003,6";"1003,5";"2,2";"45,0";"4,1";"24,50";"0,0"
"18/04/2026";"2200";"24,5";"25,2";"24,5";"92,0";"92,0";"89,0";"23,1";"23,2";"23,0";"1004,3";"1004,3";"1003,5";"1,5";"46,0";"3,5";"";"0,0"
"18/04/2026";"2300";"24,0";"24,5";"23,9";"94,0";"94,0";"92,0";"22,9";"23,1";"22,8";"1004,9";"1004,9";"1004,3";"0,8";"54,0";"2,6";"";"0,0"
"19/04/2026";"0000";"23,3";"24,0";"23,3";"95,0";"95,0";"93,0";"22,4";"22,9";"22,4";"1005,4";"1005,4";"1004,9";"0,8";"41,0";"2,1";"";"0,0"
"19/04/2026";"0100";"23,3";"23,4";"23,2";"95,0";"95,0";"94,0";"22,4";"22,4";"22,3";"1005,9";"1005,9";"1005,3";"1,1";"22,0";"2,2";"";"0,0"
"19/04/2026";"0200";"22,8";"23,3";"22,7";"96,0";"96,0";"95,0";"22,2";"22,4";"22,1";"1006,2";"1006,3";"1005,9";"1,0";"17,0";"2,3";"";"0,0"
"19/04/2026";"0300";"22,5";"22,8";"22,5";"97,0";"97,0";"96,0";"22,0";"22,2";"22,0";"1006,1";"1006,4";"1006,1";"1,4";"16,0";"2,3";"";"0,0"
"19/04/2026";"0400";"22,6";"22,8";"22,5";"96,0";"97,0";"96,0";"22,0";"22,2";"22,0";"1006,0";"1006,1";"1005,9";"1,6";"7,0";"3,4";"";"0,0"
"19/04/2026";"0500";"22,5";"22,7";"22,5";"96,0";"96,0";"96,0";"21,8";"22,0";"21,8";"1005,5";"1006,0";"1005,5";"1,9";"10,0";"4,6";"";"0,0"
"19/04/2026";"0600";"22,3";"22,5";"22,2";"96,0";"96,0";"95,0";"21,6";"21,8";"21,5";"1005,4";"1005,6";"1005,4";"1,9";"358,0";"3,8";"";"0,0"
"19/04/2026";"0700";"22,1";"22,3";"22,1";"95,0";"96,0";"95,0";"21,3";"21,6";"21,3";"1005,6";"1005,6";"1005,4";"1,7";"330,0";"4,5";"";"0,0"
"19/04/2026";"0800";"21,5";"22,1";"21,4";"97,0";"97,0";"95,0";"21,1";"21,3";"20,9";"1006,0";"1006,0";"1005,6";"0,7";"310,0";"3,9";"";"0,0"
"19/04/2026";"0900";"21,1";"21,5";"21,1";"98,0";"98,0";"97,0";"20,8";"21,1";"20,7";"1006,8";"1006,8";"1006,0";"1,0";"300,0";"2,1";"4,80";"0,2"
"19/04/2026";"1000";"23,4";"23,5";"21,1";"93,0";"98,0";"93,0";"22,2";"22,5";"20,8";"1007,4";"1007,4";"1006,8";"1,1";"318,0";"2,7";"363,10";"0,0"
"19/04/2026";"1100";"25,6";"25,6";"23,2";"84,0";"93,0";"84,0";"22,7";"22,9";"21,9";"1008,0";"1008,0";"1007,4";"2,0";"349,0";"4,0";"1214,30";"0,0"
"19/04/2026";"1200";"26,9";"27,4";"25,2";"79,0";"85,0";"76,0";"22,9";"23,3";"22,1";"1008,1";"1008,2";"1008,0";"3,5";"8,0";"6,5";"1918,90";"0,0"
"19/04/2026";"1300";"28,9";"28,9";"26,9";"70,0";"79,0";"63,0";"22,9";"23,0";"20,9";"1007,8";"1008,2";"1007,8";"2,7";"8,0";"6,5";"2498,70";"0,0"
"19/04/2026";"1400";"29,8";"30,3";"28,5";"60,0";"70,0";"60,0";"21,3";"23,3";"21,1";"1007,1";"1007,8";"1007,0";"3,1";"348,0";"6,0";"2888,60";"0,0"
"19/04/2026";"1500";"31,3";"31,5";"29,7";"56,0";"62,0";"56,0";"21,3";"22,8";"21,0";"1006,3";"1007,1";"1006,3";"2,1";"349,0";"6,3";"2973,10";"0,0"
"19/04/2026";"1600";"31,4";"32,1";"30,7";"56,0";"60,0";"53,0";"21,5";"22,7";"20,6";"1005,8";"1006,3";"1005,8";"2,1";"358,0";"5,6";"2909,20";"0,0"
"19/04/2026";"1700";"32,5";"32,6";"31,3";"53,0";"57,0";"48,0";"21,7";"22,5";"19,5";"1005,5";"1005,8";"1005,4";"1,2";"353,0";"4,4";"2472,80";"0,0"
"19/04/2026";"1800";"30,0";"32,6";"29,9";"67,0";"71,0";"52,0";"23,3";"24,2";"21,2";"1005,5";"1005,6";"1005,5";"3,5";"65,0";"6,0";"1924,80";"0,0"
"19/04/2026";"1900";"28,9";"30,2";"28,8";"74,0";"74,0";"67,0";"23,8";"24,1";"23,1";"1005,5";"1005,6";"1005,5";"3,7";"62,0";"6,0";"1428,50";"0,0"
"19/04/2026";"2000";"27,3";"29,0";"27,3";"82,0";"82,0";"74,0";"23,9";"24,1";"23,7";"1006,1";"1006,1";"1005,5";"3,2";"74,0";"6,0";"550,50";"0,0"
"19/04/2026";"2100";"26,2";"27,3";"26,2";"88,0";"88,0";"82,0";"23,9";"24,0";"23,9";"1006,6";"1006,7";"1006,0";"1,4";"79,0";"5,0";"27,10";"0,0"
"19/04/2026";"2200";"25,7";"26,4";"25,6";"90,0";"90,0";"87,0";"24,0";"24,2";"23,7";"1007,3";"1007,3";"1006,6";"0,8";"274,0";"4,0";"";"0,0"
"19/04/2026";"2300";"25,2";"26,5";"25,2";"80,0";"90,0";"79,0";"21,4";"24,3";"21,4";"1008,3";"1008,3";"1007,2";"1,5";"196,0";"4,0";"";"0,0"
"20/04/2026";"0000";"24,2";"25,2";"24,2";"85,0";"85,0";"80,0";"21,6";"21,7";"21,3";"1008,4";"1008,6";"1008,2";"1,6";"277,0";"2,6";"";"0,0"
"20/04/2026";"0100";"23,2";"24,2";"23,1";"96,0";"96,0";"85,0";"22,5";"22,7";"21,5";"1009,4";"1009,5";"1008,3";"2,7";"118,0";"4,5";"";"5,2"
"20/04/2026";"0200";"22,1";"23,2";"21,5";"94,0";"97,0";"92,0";"21,1";"22,5";"20,6";"1009,1";"1009,4";"1008,7";"0,8";"263,0";"5,7";"0,20";"7,6"
"20/04/2026";"0300";"21,8";"22,0";"21,5";"97,0";"97,0";"94,0";"21,2";"21,2";"20,9";"1009,5";"1009,5";"1009,0";"1,7";"224,0";"3,3";"";"0,0"
"20/04/2026";"0400";"22,3";"22,4";"21,8";"97,0";"97,0";"96,0";"21,7";"21,8";"21,3";"1009,0";"1009,5";"1009,0";"1,3";"280,0";"3,3";"";"0,0"
"20/04/2026";"0500";"22,3";"22,3";"22,1";"98,0";"98,0";"97,0";"21,9";"21,9";"21,6";"1008,8";"1009,1";"1008,8";"1,4";"271,0";"2,4";"";"0,0"
"20/04/2026";"0600";"22,7";"22,7";"22,3";"98,0";"98,0";"98,0";"22,4";"22,4";"21,9";"1008,8";"1008,9";"1008,7";"1,0";"295,0";"2,3";"";"0,0"
"20/04/2026";"0700";"23,1";"23,1";"22,7";"96,0";"98,0";"96,0";"22,4";"22,6";"22,3";"1008,9";"1008,9";"1008,8";"1,1";"223,0";"2,4";"";"0,0"
"20/04/2026";"0800";"23,0";"23,1";"22,8";"96,0";"96,0";"96,0";"22,3";"22,5";"22,1";"1009,1";"1009,1";"1008,8";"1,1";"219,0";"2,2";"";"0,0"
"20/04/2026";"0900";"22,9";"23,0";"22,7";"94,0";"96,0";"94,0";"21,8";"22,3";"21,8";"1009,7";"1009,7";"1009,1";"1,4";"236,0";"3,0";"6,40";"0,0"
"20/04/2026";"1000";"23,5";"23,5";"22,7";"92,0";"94,0";"92,0";"22,1";"22,2";"21,7";"1010,6";"1010,6";"1009,7";"1,8";"207,0";"3,8";"169,50";"0,0"
"20/04/2026";"1100";"25,2";"25,2";"23,5";"86,0";"92,0";"86,0";"22,6";"22,8";"22,0";"1011,1";"1011,1";"1010,6";"2,9";"188,0";"4,7";"993,00";"0,0"
"20/04/2026";"1200";"26,4";"26,4";"25,2";"84,0";"86,0";"83,0";"23,5";"23,5";"22,5";"1011,6";"1011,6";"1011,1";"2,2";"176,0";"6,2";"1441,70";"0,0"
"20/04/2026";"1300";"27,2";"27,7";"26,2";"79,0";"84,0";"76,0";"23,2";"23,7";"22,7";"1011,3";"1011,6";"1011,3";"3,0";"170,0";"5,4";"1416,60";"0,0"
"20/04/2026";"1400";"27,2";"28,3";"26,7";"74,0";"80,0";"72,0";"22,2";"23,9";"22,2";"1010,8";"1011,3";"1010,8";"3,0";"186,0";"5,5";"1763,20";"0,0"
"20/04/2026";"1500";"27,6";"29,0";"27,2";"73,0";"76,0";"71,0";"22,4";"23,7";"22,2";"1010,3";"1010,8";"1010,3";"3,6";"164,0";"6,7";"1812,70";"0,0"
"20/04/2026";"1600";"28,1";"29,1";"27,3";"76,0";"79,0";"71,0";"23,5";"24,2";"21,9";"1009,7";"1010,4";"1009,7";"3,0";"126,0";"8,0";"1941,60";"0,0"
"20/04/2026";"1700";"27,9";"28,8";"27,4";"72,0";"77,0";"71,0";"22,4";"23,9";"22,3";"1009,3";"1009,8";"1009,3";"4,4";"142,0";"7,7";"1597,50";"0,0"
"20/04/2026";"1800";"27,9";"28,9";"27,7";"70,0";"74,0";"67,0";"21,9";"23,2";"21,5";"1008,8";"1009,3";"1008,8";"3,8";"138,0";"7,8";"1528,00";"0,0"
"20/04/2026";"1900";"27,5";"28,3";"27,4";"69,0";"71,0";"68,0";"21,4";"22,4";"21,1";"1008,7";"1008,9";"1008,7";"3,8";"140,0";"7,0";"1308,90";"0,0"
"20/04/2026";"2000";"25,9";"27,5";"25,9";"79,0";"79,0";"69,0";"22,0";"22,0";"21,0";"1009,1";"1009,1";"1008,7";"2,5";"140,0";"7,3";"511,90";"0,0"
"20/04/2026";"2100";"24,9";"25,9";"24,9";"87,0";"87,0";"79,0";"22,5";"22,5";"22,0";"1009,4";"1009,4";"1009,1";"2,5";"156,0";"5,6";"20,80";"0,0"
"20/04/2026";"2200";"24,4";"24,9";"24,4";"89,0";"90,0";"87,0";"22,6";"22,7";"22,5";"1009,9";"1009,9";"1009,4";"1,9";"174,0";"4,5";"";"0,0"
"20/04/2026";"2300";"24,0";"24,4";"23,9";"90,0";"90,0";"89,0";"22,3";"22,5";"22,2";"1010,9";"1010,9";"1009,9";"1,5";"172,0";"3,5";"";"0,0"
"21/04/2026";"0000";"23,8";"24,1";"23,8";"90,0";"90,0";"89,0";"22,1";"22,3";"22,1";"1011,3";"1011,3";"1010,9";"1,8";"192,0";"3,4";"";"0,0"
"21/04/2026";"0100";"23,7";"23,8";"23,6";"91,0";"92,0";"90,0";"22,1";"22,2";"22,0";"1011,4";"1011,5";"1011,2";"2,0";"191,0";"3,3";"";"0,0"
"21/04/2026";"0200";"23,3";"23,7";"23,3";"92,0";"92,0";"90,0";"21,9";"22,1";"21,9";"1011,4";"1011,5";"1011,3";"1,7";"198,0";"4,1";"";"0,0"
"21/04/2026";"0300";"22,8";"23,3";"22,8";"94,0";"94,0";"92,0";"21,7";"21,9";"21,7";"1011,4";"1011,5";"1011,3";"0,9";"197,0";"2,9";"";"0,0"
"21/04/2026";"0400";"22,0";"22,8";"22,0";"96,0";"96,0";"94,0";"21,3";"21,7";"21,3";"1011,0";"1011,4";"1011,0";"0,6";"281,0";"1,8";"";"0,0"
"21/04/2026";"0500";"21,9";"22,3";"21,9";"96,0";"97,0";"96,0";"21,2";"21,7";"21,2";"1010,4";"1011,0";"1010,4";"1,1";"270,0";"2,2";"";"0,0"
"21/04/2026";"0600";"21,8";"21,9";"21,6";"97,0";"97,0";"96,0";"21,2";"21,3";"21,1";"1010,0";"1010,4";"1010,0";"1,7";"248,0";"2,9";"";"0,0"
"21/04/2026";"0700";"21,6";"21,8";"21,5";"97,0";"97,0";"97,0";"21,0";"21,2";"21,0";"1010,3";"1010,3";"1010,0";"1,2";"241,0";"3,2";"";"0,0"
"21/04/2026";"0800";"22,1";"22,1";"21,6";"92,0";"97,0";"92,0";"20,7";"21,1";"20,7";"1010,7";"1010,7";"1010,3";"2,0";"219,0";"3,5";"";"0,0"
"21/04/2026";"0900";"21,2";"22,1";"21,1";"95,0";"95,0";"92,0";"20,3";"20,7";"20,1";"1011,4";"1011,4";"1010,7";"1,5";"275,0";"3,5";"3,80";"0,0"
"21/04/2026";"1000";"23,0";"23,1";"21,1";"87,0";"95,0";"87,0";"20,7";"21,0";"20,3";"1012,2";"1012,2";"1011,4";"1,4";"227,0";"3,0";"346,80";"0,0"
"21/04/2026";"1100";"25,0";"25,0";"23,0";"81,0";"87,0";"80,0";"21,5";"21,5";"20,6";"1012,6";"1012,6";"1012,2";"3,2";"191,0";"5,4";"1163,50";"0,0"
"21/04/2026";"1200";"26,6";"27,1";"24,9";"74,0";"81,0";"74,0";"21,7";"22,5";"21,0";"1012,7";"1012,7";"1012,6";"2,5";"183,0";"5,5";"1888,10";"0,0"
"21/04/2026";"1300";"27,3";"28,0";"26,4";"74,0";"76,0";"70,0";"22,2";"22,5";"21,4";"1012,6";"1012,8";"1012,6";"2,6";"177,0";"4,8";"2346,10";"0,0"
"21/04/2026";"1400";"28,3";"28,6";"27,3";"68,0";"74,0";"65,0";"21,8";"22,2";"20,8";"1012,1";"1012,6";"1012,0";"2,2";"152,0";"5,4";"2472,70";"0,0"
"21/04/2026";"1500";"28,9";"29,3";"27,6";"63,0";"70,0";"61,0";"21,1";"22,0";"20,6";"1011,5";"1012,1";"1011,5";"3,4";"115,0";"5,7";"2396,00";"0,0"
"21/04/2026";"1600";"28,5";"29,2";"28,4";"62,0";"65,0";"59,0";"20,5";"21,7";"20,0";"1011,0";"1011,5";"1011,0";"3,5";"120,0";"6,0";"2873,20";"0,0"
"21/04/2026";"1700";"28,0";"29,2";"28,0";"66,0";"68,0";"60,0";"21,1";"21,7";"20,1";"1010,7";"1011,1";"1010,6";"3,6";"125,0";"6,9";"2444,40";"0,0"
"21/04/2026";"1800";"27,1";"28,7";"27,1";"72,0";"72,0";"65,0";"21,7";"22,5";"21,2";"1010,4";"1010,7";"1010,4";"3,9";"116,0";"6,9";"1825,00";"0,0"
"21/04/2026";"1900";"26,5";"28,0";"26,5";"76,0";"76,0";"70,0";"22,0";"22,4";"21,7";"1010,7";"1010,7";"1010,3";"3,4";"133,0";"6,3";"1211,80";"0,0"
"21/04/2026";"2000";"25,5";"26,6";"25,5";"80,0";"81,0";"76,0";"21,9";"22,4";"21,9";"1010,9";"1010,9";"1010,7";"3,4";"132,0";"6,6";"363,10";"0,0"
"21/04/2026";"2100";"24,6";"25,5";"24,6";"86,0";"86,0";"80,0";"22,1";"22,2";"21,9";"1011,1";"1011,1";"1010,8";"1,8";"139,0";"5,7";"30,00";"0,0"
"21/04/2026";"2200";"24,3";"24,6";"24,3";"88,0";"88,0";"86,0";"22,3";"22,3";"22,1";"1011,2";"1011,2";"1011,0";"1,6";"142,0";"3,7";"";"0,0"
"21/04/2026";"2300";"24,2";"24,4";"24,2";"89,0";"89,0";"88,0";"22,3";"22,4";"22,2";"1011,7";"1011,7";"1011,1";"1,5";"166,0";"3,6";"";"0,0"
"22/04/2026";"0000";"23,4";"24,2";"23,4";"93,0";"93,0";"89,0";"22,1";"22,4";"22,1";"1012,3";"1012,3";"1011,7";"0,9";"224,0";"2,8";"";"0,0"
"22/04/2026";"0100";"23,1";"23,4";"23,1";"93,0";"93,0";"92,0";"21,9";"22,2";"21,8";"1012,3";"1012,4";"1012,2";"1,2";"217,0";"2,5";"";"0,0"
"22/04/2026";"0200";"22,2";"23,1";"22,2";"96,0";"96,0";"93,0";"21,5";"21,9";"21,4";"1012,3";"1012,4";"1012,3";"0,9";"253,0";"2,5";"";"0,0"
"22/04/2026";"0300";"22,0";"22,3";"21,8";"97,0";"97,0";"96,0";"21,5";"21,6";"21,2";"1012,2";"1012,3";"1012,1";"1,2";"268,0";"2,5";"";"0,0"
"22/04/2026";"0400";"22,1";"22,2";"22,0";"97,0";"97,0";"97,0";"21,6";"21,7";"21,5";"1011,7";"1012,2";"1011,7";"0,3";"296,0";"2,0";"";"0,0"
"22/04/2026";"0500";"21,8";"22,2";"21,7";"97,0";"97,0";"97,0";"21,4";"21,7";"21,2";"1011,6";"1011,9";"1011,6";"0,9";"264,0";"1,3";"";"0,0"
"22/04/2026";"0600";"22,3";"22,3";"21,8";"97,0";"98,0";"97,0";"21,8";"21,8";"21,4";"1011,7";"1011,8";"1011,5";"1,5";"239,0";"2,5";"";"0,0"
"22/04/2026";"0700";"22,5";"22,5";"22,3";"95,0";"97,0";"95,0";"21,7";"21,8";"21,7";"1011,7";"1011,7";"1011,7";"1,4";"242,0";"2,8";"";"0,0"
"22/04/2026";"0800";"22,4";"22,5";"22,4";"95,0";"95,0";"95,0";"21,5";"21,7";"21,5";"1011,8";"1011,9";"1011,6";"1,2";"230,0";"2,4";"";"0,0"
"22/04/2026";"0900";"22,3";"22,6";"22,3";"94,0";"95,0";"94,0";"21,3";"21,5";"21,3";"1012,4";"1012,4";"1011,8";"1,3";"235,0";"2,2";"2,20";"0,0"
"22/04/2026";"1000";"23,7";"23,9";"22,2";"88,0";"94,0";"88,0";"21,7";"21,9";"21,2";"1013,1";"1013,1";"1012,4";"1,3";"234,0";"2,2";"378,40";"0,0"
"22/04/2026";"1100";"24,6";"24,7";"23,6";"85,0";"89,0";"85,0";"22,0";"22,0";"21,5";"1013,6";"1013,6";"1013,1";"1,6";"222,0";"2,9";"672,40";"0,0"
"22/04/2026";"1200";"26,1";"27,0";"24,6";"75,0";"85,0";"73,0";"21,4";"22,4";"21,4";"1013,9";"1014,0";"1013,6";"1,6";"188,0";"3,5";"1809,50";"0,0"
"22/04/2026";"1300";"27,5";"28,1";"26,1";"67,0";"77,0";"66,0";"20,7";"22,1";"20,7";"1013,9";"1014,0";"1013,9";"2,0";"164,0";"4,2";"1850,40";"0,0"
"22/04/2026";"1400";"29,0";"29,4";"27,4";"59,0";"68,0";"58,0";"20,3";"22,1";"19,9";"1013,2";"1013,9";"1013,2";"1,8";"103,0";"4,1";"3157,20";"0,0"
"22/04/2026";"1500";"28,4";"29,8";"28,3";"63,0";"63,0";"56,0";"20,6";"21,8";"19,8";"1012,5";"1013,2";"1012,5";"2,3";"110,0";"4,1";"2248,20";"0,0"
"22/04/2026";"1600";"29,2";"29,9";"28,2";"57,0";"64,0";"57,0";"20,0";"21,7";"20,0";"1011,6";"1012,5";"1011,6";"2,1";"99,0";"4,5";"2094,00";"0,0"
"22/04/2026";"1700";"28,9";"29,5";"28,2";"59,0";"64,0";"57,0";"20,0";"21,5";"19,6";"1011,0";"1011,6";"1011,0";"2,8";"87,0";"6,0";"2005,10";"0,0"
"22/04/2026";"1800";"28,3";"29,2";"28,0";"65,0";"65,0";"59,0";"21,2";"21,7";"20,1";"1010,6";"1011,0";"1010,6";"3,6";"124,0";"6,1";"2001,80";"0,0"
"22/04/2026";"1900";"27,4";"28,5";"27,3";"72,0";"74,0";"65,0";"22,0";"22,3";"20,9";"1010,8";"1010,8";"1010,6";"2,9";"105,0";"5,9";"1406,90";"0,0"
"22/04/2026";"2000";"26,0";"27,4";"26,0";"77,0";"78,0";"72,0";"21,7";"22,1";"21,5";"1011,0";"1011,0";"1010,8";"2,8";"106,0";"5,6";"487,40";"0,0"
"22/04/2026";"2100";"24,7";"26,0";"24,7";"84,0";"84,0";"77,0";"21,8";"21,9";"21,6";"1011,4";"1011,4";"1011,0";"1,4";"100,0";"5,7";"18,60";"0,0"
"22/04/2026";"2200";"24,0";"24,7";"24,0";"87,0";"87,0";"84,0";"21,6";"21,8";"21,6";"1011,9";"1011,9";"1011,4";"1,3";"109,0";"2,6";"";"0,0"
"22/04/2026";"2300";"23,1";"24,1";"23,1";"90,0";"90,0";"86,0";"21,5";"21,8";"21,5";"1013,0";"1013,0";"1011,9";"0,8";"166,0";"2,0";"";"0,0"
"23/04/2026";"0000";"23,0";"23,9";"23,0";"91,0";"91,0";"88,0";"21,4";"22,0";"21,3";"1013,4";"1013,4";"1013,0";"0,6";"67,0";"2,2";"";"0,0"
"23/04/2026";"0100";"22,4";"23,3";"22,4";"93,0";"93,0";"91,0";"21,2";"22,0";"21,2";"1013,3";"1013,5";"1013,2";"0,2";"64,0";"1,8";"";"0,0"
"23/04/2026";"0200";"21,9";"22,4";"21,7";"96,0";"96,0";"93,0";"21,1";"21,3";"20,8";"1013,1";"1013,3";"1013,1";"0,6";"254,0";"1,0";"";"0,0"
"23/04/2026";"0300";"21,3";"21,9";"21,3";"97,0";"97,0";"96,0";"20,8";"21,2";"20,6";"1012,8";"1013,1";"1012,8";"1,5";"281,0";"2,0";"";"0,0"
"23/04/2026";"0400";"21,5";"21,6";"21,2";"98,0";"98,0";"97,0";"21,2";"21,2";"20,8";"1012,2";"1012,8";"1012,2";"1,0";"270,0";"2,3";"";"0,0"
"23/04/2026";"0500";"21,6";"21,6";"21,2";"98,0";"98,0";"98,0";"21,3";"21,3";"20,9";"1012,0";"1012,2";"1012,0";"0,7";"239,0";"1,8";"";"0,0"
"23/04/2026";"0600";"21,3";"21,6";"21,3";"98,0";"98,0";"98,0";"21,0";"21,3";"21,0";"1011,6";"1012,1";"1011,6";"0,6";"256,0";"2,0";"";"0,0"
"23/04/2026";"0700";"21,2";"21,3";"20,9";"99,0";"99,0";"98,0";"21,0";"21,1";"20,6";"1011,6";"1011,6";"1011,5";"1,3";"240,0";"2,1";"";"0,2"
"23/04/2026";"0800";"20,9";"21,3";"20,9";"99,0";"99,0";"98,0";"20,7";"21,1";"20,7";"1011,8";"1011,8";"1011,6";"1,3";"251,0";"2,2";"";"0,4"
"23/04/2026";"0900";"20,9";"21,0";"20,7";"99,0";"99,0";"98,0";"20,7";"20,7";"20,4";"1012,5";"1012,5";"1011,8";"1,4";"257,0";"2,2";"4,70";"0,0"
"23/04/2026";"1000";"22,1";"22,1";"20,8";"98,0";"99,0";"98,0";"21,8";"21,8";"20,6";"1013,1";"1013,1";"1012,5";"1,1";"236,0";"2,3";"288,70";"0,0"
"23/04/2026";"1100";"24,6";"24,9";"22,1";"87,0";"98,0";"87,0";"22,3";"22,6";"21,8";"1013,8";"1013,8";"1013,1";"1,3";"234,0";"2,3";"1190,10";"0,0"
"23/04/2026";"1200";"26,8";"27,1";"24,7";"75,0";"88,0";"75,0";"22,1";"23,2";"21,9";"1014,4";"1014,4";"1013,8";"1,9";"166,0";"4,9";"1899,00";"0,0"
"23/04/2026";"1300";"27,7";"28,5";"26,5";"67,0";"77,0";"66,0";"21,0";"22,6";"21,0";"1014,4";"1014,5";"1014,4";"2,9";"133,0";"5,3";"1852,30";"0,0"
"23/04/2026";"1400";"29,0";"29,1";"27,6";"64,0";"69,0";"58,0";"21,5";"21,8";"20,0";"1013,6";"1014,4";"1013,6";"2,7";"124,0";"6,4";"3000,90";"0,0"
"23/04/2026";"1500";"29,1";"29,3";"28,4";"61,0";"65,0";"58,0";"20,7";"21,6";"19,9";"1013,0";"1013,6";"1013,0";"3,2";"125,0";"6,7";"2957,70";"0,0"
"23/04/2026";"1600";"28,7";"29,7";"28,6";"59,0";"63,0";"57,0";"19,9";"21,7";"19,6";"1012,2";"1013,0";"1012,2";"3,1";"118,0";"7,1";"2778,20";"0,0"
"23/04/2026";"1700";"28,7";"29,3";"28,1";"65,0";"67,0";"59,0";"21,5";"21,9";"19,9";"1011,7";"1012,2";"1011,7";"3,4";"130,0";"6,2";"2338,00";"0,0"
"23/04/2026";"1800";"28,5";"29,2";"28,1";"63,0";"67,0";"61,0";"20,6";"22,1";"20,2";"1011,3";"1011,7";"1011,3";"3,6";"106,0";"6,0";"1992,40";"0,0"
"23/04/2026";"1900";"27,5";"28,6";"27,4";"68,0";"68,0";"61,0";"21,0";"21,3";"20,0";"1011,4";"1011,4";"1011,2";"3,2";"120,0";"6,1";"1419,30";"0,0"
"23/04/2026";"2000";"26,1";"27,6";"26,1";"75,0";"75,0";"68,0";"21,4";"21,6";"21,0";"1011,8";"1011,8";"1011,4";"2,7";"131,0";"5,6";"486,40";"0,0"
"23/04/2026";"2100";"24,7";"26,1";"24,7";"81,0";"81,0";"75,0";"21,3";"21,5";"21,3";"1012,2";"1012,2";"1011,8";"1,3";"128,0";"4,7";"18,00";"0,0"
"23/04/2026";"2200";"24,1";"24,7";"24,1";"84,0";"84,0";"81,0";"21,2";"21,3";"21,2";"1012,9";"1012,9";"1012,2";"1,3";"135,0";"2,4";"";"0,0"
"23/04/2026";"2300";"23,9";"24,2";"23,9";"84,0";"84,0";"83,0";"21,0";"21,2";"21,0";"1013,6";"1013,6";"1012,9";"1,1";"157,0";"2,4";"";"0,0"
"24/04/2026";"0000";"23,5";"23,9";"23,5";"87,0";"87,0";"84,0";"21,2";"21,2";"21,0";"1013,8";"1013,9";"1013,6";"1,3";"202,0";"2,5";"";"0,0"
"24/04/2026";"0100";"23,0";"23,6";"23,0";"88,0";"89,0";"87,0";"21,0";"21,2";"21,0";"1013,6";"1013,8";"1013,5";"1,4";"207,0";"2,5";"";"0,0"
"24/04/2026";"0200";"22,2";"23,0";"22,1";"92,0";"92,0";"88,0";"20,9";"21,0";"20,7";"1013,6";"1013,6";"1013,5";"0,8";"223,0";"2,3";"";"0,0"
"24/04/2026";"0300";"22,5";"22,7";"22,1";"91,0";"92,0";"90,0";"20,9";"21,1";"20,8";"1013,2";"1013,6";"1013,2";"1,5";"208,0";"2,8";"";"0,0"
"24/04/2026";"0400";"21,9";"22,5";"21,9";"93,0";"93,0";"91,0";"20,7";"20,9";"20,7";"1012,6";"1013,2";"1012,6";"0,8";"230,0";"2,8";"";"0,0"
"24/04/2026";"0500";"21,9";"22,3";"21,9";"91,0";"93,0";"90,0";"20,4";"20,8";"20,4";"1012,4";"1012,6";"1012,4";"1,4";"226,0";"3,3";"";"0,0"
"24/04/2026";"0600";"21,0";"22,1";"21,0";"95,0";"95,0";"91,0";"20,1";"20,6";"20,1";"1012,3";"1012,4";"1012,2";"1,2";"262,0";"3,1";"";"0,0"
"24/04/2026";"0700";"21,2";"21,3";"20,9";"94,0";"95,0";"94,0";"20,2";"20,4";"20,1";"1012,5";"1012,5";"1012,3";"1,3";"244,0";"2,7";"";"0,0"
"24/04/2026";"0800";"21,1";"21,3";"21,0";"93,0";"94,0";"93,0";"20,0";"20,2";"19,9";"1012,5";"1012,5";"1012,4";"1,5";"240,0";"3,0";"";"0,0"
"24/04/2026";"0900";"21,1";"21,2";"21,1";"93,0";"93,0";"93,0";"19,9";"20,1";"19,9";"1013,1";"1013,1";"1012,5";"1,8";"232,0";"3,2";"2,50";"0,0"
"24/04/2026";"1000";"22,2";"22,2";"21,1";"90,0";"93,0";"90,0";"20,5";"20,5";"19,9";"1013,8";"1013,8";"1013,1";"1,7";"228,0";"3,2";"243,80";"0,0"
"24/04/2026";"1100";"24,8";"24,8";"22,2";"81,0";"90,0";"80,0";"21,3";"21,5";"20,5";"1014,1";"1014,1";"1013,8";"2,3";"208,0";"3,8";"1192,90";"0,0"
"24/04/2026";"1200";"27,0";"27,0";"24,8";"74,0";"81,0";"74,0";"22,0";"22,0";"21,1";"1014,5";"1014,5";"1014,1";"2,7";"168,0";"5,4";"1816,50";"0,0"
"24/04/2026";"1300";"27,6";"27,9";"26,6";"68,0";"75,0";"68,0";"21,2";"22,2";"21,1";"1014,4";"1014,6";"1014,4";"3,5";"175,0";"6,2";"2204,80";"0,0"
"24/04/2026";"1400";"28,7";"29,0";"26,8";"57,0";"72,0";"57,0";"19,5";"21,7";"19,5";"1013,6";"1014,4";"1013,6";"3,8";"147,0";"6,6";"2276,90";"0,0"
"24/04/2026";"1500";"29,6";"29,9";"28,4";"56,0";"62,0";"54,0";"19,9";"21,0";"18,8";"1012,8";"1013,7";"1012,8";"3,4";"131,0";"7,2";"2973,60";"0,0"
"24/04/2026";"1600";"29,1";"29,6";"28,6";"60,0";"63,0";"55,0";"20,5";"21,2";"19,1";"1012,0";"1012,8";"1012,0";"3,5";"117,0";"6,5";"2893,60";"0,0"
"24/04/2026";"1700";"28,7";"29,3";"28,5";"64,0";"64,0";"57,0";"21,1";"21,2";"19,8";"1011,3";"1012,0";"1011,3";"3,8";"94,0";"6,5";"2526,40";"0,0"
"24/04/2026";"1800";"28,1";"29,2";"28,0";"68,0";"68,0";"56,0";"21,7";"21,7";"19,2";"1011,3";"1011,3";"1011,1";"3,5";"127,0";"6,6";"1996,00";"0,0"
"24/04/2026";"1900";"27,4";"28,4";"27,1";"73,0";"74,0";"67,0";"22,2";"22,2";"21,0";"1011,4";"1011,4";"1011,2";"2,8";"124,0";"6,3";"1205,80";"0,0"
"24/04/2026";"2000";"26,1";"27,4";"26,1";"77,0";"77,0";"72,0";"21,7";"22,5";"21,7";"1012,0";"1012,0";"1011,4";"2,9";"117,0";"5,5";"412,10";"0,0"
"24/04/2026";"2100";"25,0";"26,1";"25,0";"85,0";"85,0";"77,0";"22,3";"22,3";"21,7";"1011,9";"1012,0";"1011,9";"1,6";"136,0";"5,0";"15,70";"0,0"
"24/04/2026";"2200";"24,6";"25,0";"24,5";"88,0";"88,0";"85,0";"22,4";"22,4";"22,2";"1012,4";"1012,4";"1011,9";"1,0";"125,0";"2,8";"";"0,0"
"24/04/2026";"2300";"24,4";"24,6";"24,4";"87,0";"88,0";"87,0";"22,2";"22,4";"22,2";"1012,8";"1012,8";"1012,3";"1,1";"140,0";"2,1";"";"0,0"
"25/04/2026";"0000";"22,7";"24,4";"22,7";"93,0";"93,0";"87,0";"21,5";"22,2";"21,5";"1013,1";"1013,1";"1012,8";"0,5";"269,0";"1,8";"";"0,0"
"25/04/2026";"0100";"22,5";"22,9";"22,5";"95,0";"95,0";"93,0";"21,7";"21,8";"21,5";"1013,0";"1013,2";"1013,0";"0,7";"256,0";"1,7";"";"0,0"
"25/04/2026";"0200";"22,0";"22,5";"22,0";"96,0";"96,0";"95,0";"21,3";"21,7";"21,3";"1012,6";"1013,0";"1012,6";"0,7";"262,0";"1,6";"";"0,0"
"25/04/2026";"0300";"21,8";"22,0";"21,7";"97,0";"97,0";"96,0";"21,2";"21,5";"21,1";"1012,0";"1012,6";"1012,0";"0,7";"238,0";"1,5";"";"0,0"
"25/04/2026";"0400";"21,3";"21,8";"21,2";"97,0";"97,0";"96,0";"20,8";"21,2";"20,7";"1011,5";"1012,1";"1011,5";"0,8";"268,0";"1,5";"";"0,0"
"25/04/2026";"0500";"21,2";"21,3";"21,0";"98,0";"98,0";"97,0";"20,8";"20,9";"20,5";"1011,2";"1011,5";"1011,2";"0,7";"286,0";"1,5";"";"0,0"
"25/04/2026";"0600";"20,9";"21,3";"20,6";"98,0";"98,0";"97,0";"20,5";"20,9";"20,2";"1011,1";"1011,3";"1011,1";"1,1";"277,0";"1,8";"";"0,0"
"25/04/2026";"0700";"21,0";"21,1";"20,8";"98,0";"98,0";"98,0";"20,7";"20,8";"20,5";"1011,0";"1011,1";"1011,0";"1,5";"268,0";"2,7";"";"0,0"
"25/04/2026";"0800";"20,7";"21,0";"20,7";"98,0";"98,0";"98,0";"20,4";"20,7";"20,4";"1011,1";"1011,1";"1010,8";"1,3";"290,0";"3,1";"";"0,0"
"25/04/2026";"0900";"20,7";"20,7";"20,6";"99,0";"99,0";"98,0";"20,5";"20,5";"20,4";"1011,5";"1011,5";"1011,1";"1,3";"262,0";"2,6";"3,30";"0,0"
"25/04/2026";"1000";"22,3";"22,3";"20,7";"97,0";"99,0";"97,0";"21,7";"21,8";"20,4";"1011,7";"1011,7";"1011,5";"1,6";"252,0";"2,6";"325,90";"0,0"
"25/04/2026";"1100";"24,4";"24,7";"22,3";"86,0";"97,0";"85,0";"21,9";"22,3";"21,5";"1012,2";"1012,2";"1011,7";"1,4";"238,0";"2,6";"1182,30";"0,0"
"25/04/2026";"1200";"27,2";"27,4";"24,4";"75,0";"86,0";"74,0";"22,4";"22,9";"21,7";"1012,6";"1012,6";"1012,2";"1,3";"294,0";"3,1";"1863,30";"0,0"
"25/04/2026";"1300";"28,6";"28,8";"26,5";"68,0";"77,0";"66,0";"22,1";"22,5";"21,6";"1012,4";"1012,6";"1012,4";"1,1";"20,0";"2,7";"1630,60";"0,0"
"25/04/2026";"1400";"27,9";"29,3";"27,4";"67,0";"71,0";"62,0";"21,2";"22,2";"20,6";"1011,5";"1012,4";"1011,5";"1,3";"181,0";"4,4";"1449,50";"0,0"
"25/04/2026";"1500";"28,2";"29,7";"27,9";"65,0";"67,0";"61,0";"21,1";"21,9";"20,6";"1010,3";"1011,5";"1010,3";"1,7";"96,0";"4,1";"2065,40";"0,0"
"25/04/2026";"1600";"28,1";"29,6";"28,1";"71,0";"71,0";"61,0";"22,3";"23,0";"20,7";"1009,4";"1010,3";"1009,4";"2,6";"129,0";"4,1";"1554,30";"0,0"
"25/04/2026";"1700";"29,3";"30,1";"27,9";"67,0";"72,0";"62,0";"22,5";"23,0";"22,0";"1008,8";"1009,4";"1008,8";"2,9";"69,0";"5,9";"2423,30";"0,0"
"25/04/2026";"1800";"29,0";"29,5";"28,6";"69,0";"70,0";"66,0";"22,6";"23,1";"21,9";"1008,5";"1008,8";"1008,5";"2,8";"74,0";"5,3";"1992,30";"0,0"
"25/04/2026";"1900";"27,9";"29,0";"27,7";"71,0";"73,0";"68,0";"22,2";"22,8";"22,1";"1008,5";"1008,6";"1008,5";"3,0";"67,0";"5,3";"1400,10";"0,0"
"25/04/2026";"2000";"26,4";"27,9";"26,4";"79,0";"79,0";"71,0";"22,4";"22,5";"22,0";"1008,8";"1008,8";"1008,5";"1,8";"78,0";"5,3";"447,20";"0,0"
"25/04/2026";"2100";"24,9";"26,4";"24,9";"86,0";"86,0";"79,0";"22,5";"22,6";"22,4";"1008,9";"1009,0";"1008,8";"1,3";"63,0";"3,1";"15,30";"0,0"
"25/04/2026";"2200";"24,1";"24,9";"24,1";"90,0";"90,0";"86,0";"22,4";"22,5";"22,4";"1009,2";"1009,2";"1008,8";"1,0";"46,0";"2,4";"";"0,0"
"25/04/2026";"2300";"23,6";"24,1";"23,6";"92,0";"92,0";"90,0";"22,1";"22,4";"22,1";"1009,8";"1009,8";"1009,2";"0,9";"43,0";"2,0";"";"0,0"
"26/04/2026";"0000";"23,3";"23,5";"23,2";"93,0";"93,0";"92,0";"22,1";"22,2";"22,0";"1009,8";"1009,9";"1009,7";"1,1";"29,0";"2,2";"";"0,0"
"26/04/2026";"0100";"23,0";"23,3";"22,9";"95,0";"95,0";"93,0";"22,0";"22,1";"22,0";"1009,6";"1009,8";"1009,5";"1,4";"16,0";"2,2";"";"0,0"
"26/04/2026";"0200";"22,5";"23,0";"22,5";"96,0";"96,0";"95,0";"21,8";"22,1";"21,7";"1009,7";"1009,8";"1009,5";"1,0";"343,0";"2,2";"";"0,0"
"26/04/2026";"0300";"22,7";"22,7";"22,5";"96,0";"96,0";"96,0";"22,1";"22,1";"21,8";"1009,7";"1009,8";"1009,6";"1,3";"352,0";"2,5";"";"0,0"
"26/04/2026";"0400";"22,2";"22,7";"22,2";"97,0";"97,0";"96,0";"21,6";"22,0";"21,6";"1009,5";"1009,7";"1009,5";"1,0";"329,0";"2,5";"";"0,0"
"26/04/2026";"0500";"21,7";"22,2";"21,7";"98,0";"98,0";"96,0";"21,3";"21,5";"21,3";"1009,4";"1009,6";"1009,4";"0,5";"313,0";"2,0";"";"0,0"
"26/04/2026";"0600";"21,5";"21,7";"21,4";"98,0";"98,0";"98,0";"21,2";"21,4";"21,1";"1009,3";"1009,5";"1009,3";"0,9";"300,0";"1,5";"";"0,0"
"26/04/2026";"0700";"21,3";"21,6";"21,2";"98,0";"99,0";"98,0";"21,0";"21,3";"20,9";"1009,2";"1009,4";"1009,2";"0,4";"312,0";"1,5";"";"0,0"
"26/04/2026";"0800";"20,9";"21,3";"20,7";"99,0";"99,0";"98,0";"20,7";"21,1";"20,5";"1009,5";"1009,5";"1009,2";"0,5";"269,0";"1,1";"";"0,0"
"26/04/2026";"0900";"21,0";"21,0";"20,7";"99,0";"99,0";"99,0";"20,8";"20,8";"20,5";"1010,0";"1010,0";"1009,5";"1,0";"303,0";"2,0";"3,30";"0,0"
"26/04/2026";"1000";"23,0";"23,0";"20,9";"98,0";"99,0";"98,0";"22,7";"22,7";"20,7";"1010,5";"1010,5";"1010,0";"0,9";"314,0";"2,1";"326,20";"0,0"
"26/04/2026";"1100";"25,7";"25,7";"23,0";"85,0";"98,0";"85,0";"22,9";"23,4";"22,4";"1011,1";"1011,1";"1010,4";"1,6";"312,0";"3,5";"1173,40";"0,0"
"26/04/2026";"1200";"27,2";"27,2";"25,3";"75,0";"85,0";"75,0";"22,5";"23,4";"22,4";"1011,4";"1011,4";"1011,1";"3,2";"352,0";"5,6";"1873,10";"0,0"
"26/04/2026";"1300";"28,9";"28,9";"27,0";"69,0";"76,0";"68,0";"22,6";"22,7";"21,8";"1011,0";"1011,4";"1011,0";"2,1";"12,0";"5,6";"2427,70";"0,0"
"26/04/2026";"1400";"30,8";"31,1";"28,6";"58,0";"69,0";"58,0";"21,7";"22,9";"21,1";"1010,0";"1011,0";"1010,0";"2,2";"354,0";"5,7";"2817,40";"0,0"
"26/04/2026";"1500";"31,1";"32,0";"29,9";"58,0";"61,0";"54,0";"21,9";"22,0";"20,9";"1008,7";"1010,0";"1008,7";"2,5";"354,0";"5,4";"2957,40";"0,0"
"26/04/2026";"1600";"31,2";"31,9";"30,3";"55,0";"58,0";"54,0";"21,1";"22,2";"20,7";"1007,5";"1008,7";"1007,5";"2,4";"39,0";"5,1";"2701,70";"0,0"
"26/04/2026";"1700";"30,6";"32,3";"30,2";"65,0";"65,0";"53,0";"23,2";"23,2";"20,9";"1006,6";"1007,5";"1006,6";"2,8";"58,0";"5,3";"2050,20";"0,0"
"26/04/2026";"1800";"30,3";"31,1";"29,8";"68,0";"70,0";"64,0";"23,6";"24,2";"23,1";"1006,4";"1006,6";"1006,4";"3,0";"53,0";"6,0";"1945,60";"0,0"
"26/04/2026";"1900";"28,7";"30,2";"28,6";"76,0";"76,0";"67,0";"24,0";"24,0";"23,1";"1006,7";"1006,8";"1006,4";"3,8";"58,0";"6,9";"1384,70";"0,0"
"26/04/2026";"2000";"27,1";"28,7";"27,1";"82,0";"82,0";"76,0";"23,7";"24,1";"23,6";"1007,4";"1007,4";"1006,7";"2,9";"51,0";"6,7";"434,60";"0,0"
"26/04/2026";"2100";"25,7";"27,1";"25,7";"86,0";"86,0";"82,0";"23,3";"23,7";"23,2";"1007,8";"1007,8";"1007,4";"2,1";"50,0";"5,1";"17,10";"0,0"
"26/04/2026";"2200";"25,5";"25,7";"25,4";"87,0";"87,0";"86,0";"23,1";"23,2";"23,1";"1008,5";"1008,5";"1007,8";"2,2";"49,0";"4,0";"";"0,0"
"26/04/2026";"2300";"25,7";"25,8";"25,5";"86,0";"87,0";"86,0";"23,1";"23,2";"23,1";"1009,2";"1009,2";"1008,5";"2,7";"47,0";"4,5";"";"0,0"
"27/04/2026";"0000";"25,5";"25,7";"25,5";"87,0";"87,0";"86,0";"23,2";"23,2";"23,1";"1009,7";"1009,7";"1009,2";"2,0";"40,0";"4,5";"";"0,0"
"27/04/2026";"0100";"25,0";"25,4";"25,0";"89,0";"89,0";"87,0";"23,0";"23,2";"23,0";"1010,0";"1010,0";"1009,7";"1,5";"36,0";"3,4";"";"0,0"
"27/04/2026";"0200";"23,9";"25,0";"23,9";"94,0";"94,0";"89,0";"22,8";"23,0";"22,8";"1010,1";"1010,1";"1010,0";"1,0";"14,0";"3,0";"";"0,0"
"27/04/2026";"0300";"23,5";"23,9";"23,5";"95,0";"95,0";"94,0";"22,7";"22,8";"22,7";"1009,8";"1010,1";"1009,8";"1,5";"20,0";"2,6";"";"0,0"
"27/04/2026";"0400";"23,4";"23,5";"23,3";"95,0";"95,0";"95,0";"22,5";"22,7";"22,5";"1009,2";"1009,8";"1009,2";"1,6";"17,0";"3,0";"";"0,0"
"27/04/2026";"0500";"23,4";"23,4";"23,3";"94,0";"95,0";"94,0";"22,4";"22,5";"22,4";"1009,0";"1009,2";"1009,0";"1,9";"15,0";"3,7";"";"0,0"
"27/04/2026";"0600";"23,0";"23,4";"23,0";"96,0";"96,0";"94,0";"22,3";"22,5";"22,3";"1009,2";"1009,2";"1008,9";"1,6";"357,0";"3,8";"";"0,0"
"27/04/2026";"0700";"22,2";"23,0";"22,2";"97,0";"97,0";"96,0";"21,7";"22,3";"21,7";"1009,5";"1009,5";"1009,1";"1,1";"290,0";"2,9";"";"0,0"
"27/04/2026";"0800";"22,2";"22,3";"22,0";"98,0";"98,0";"97,0";"21,9";"21,9";"21,6";"1010,0";"1010,0";"1009,5";"0,6";"273,0";"2,2";"";"0,0"
"27/04/2026";"0900";"22,2";"22,4";"22,1";"98,0";"98,0";"98,0";"21,8";"22,1";"21,8";"1010,7";"1010,7";"1010,0";"0,9";"288,0";"1,5";"3,10";"0,0"
"27/04/2026";"1000";"24,3";"24,3";"22,2";"91,0";"98,0";"91,0";"22,7";"23,1";"21,9";"1011,3";"1011,3";"1010,7";"0,9";"321,0";"1,9";"323,00";"0,0"
"27/04/2026";"1100";"26,1";"26,2";"24,3";"83,0";"91,0";"83,0";"23,0";"23,3";"22,6";"1011,6";"1011,7";"1011,3";"1,9";"321,0";"4,1";"1153,20";"0,0"
"27/04/2026";"1200";"27,3";"27,3";"26,0";"76,0";"83,0";"76,0";"22,7";"23,4";"22,4";"1012,1";"1012,1";"1011,6";"3,4";"7,0";"7,2";"1876,60";"0,0"
"27/04/2026";"1300";"28,1";"28,8";"27,3";"73,0";"76,0";"70,0";"22,7";"23,3";"22,2";"1011,8";"1012,2";"1011,8";"2,8";"352,0";"7,2";"2260,40";"0,0"
"27/04/2026";"1400";"30,2";"30,2";"28,1";"66,0";"73,0";"64,0";"23,1";"23,4";"21,9";"1010,8";"1011,9";"1010,8";"2,0";"337,0";"5,2";"2636,70";"0,0"
"27/04/2026";"1500";"30,7";"31,3";"29,5";"58,0";"65,0";"57,0";"21,4";"23,2";"21,1";"1009,8";"1010,8";"1009,8";"2,5";"30,0";"6,1";"2937,20";"0,0"
"27/04/2026";"1600";"30,2";"31,5";"30,2";"66,0";"66,0";"54,0";"23,2";"23,2";"20,7";"1008,9";"1009,8";"1008,8";"3,6";"81,0";"6,3";"2972,30";"0,0"
"27/04/2026";"1700";"30,2";"31,0";"29,7";"67,0";"67,0";"64,0";"23,5";"23,8";"22,8";"1008,3";"1008,9";"1008,3";"3,6";"74,0";"6,3";"2393,40";"0,0"
"27/04/2026";"1800";"29,3";"30,5";"29,2";"72,0";"72,0";"65,0";"23,7";"23,9";"22,9";"1008,1";"1008,4";"1008,1";"3,8";"65,0";"7,3";"1935,30";"0,0"
"27/04/2026";"1900";"28,4";"29,7";"28,4";"73,0";"75,0";"70,0";"23,0";"24,1";"23,0";"1008,5";"1008,5";"1008,1";"3,7";"52,0";"7,5";"1355,50";"0,0"
"27/04/2026";"2000";"27,1";"28,5";"27,1";"80,0";"80,0";"72,0";"23,4";"23,5";"23,0";"1009,0";"1009,0";"1008,5";"2,4";"54,0";"7,3";"431,00";"0,0"
"27/04/2026";"2100";"25,8";"27,1";"25,8";"86,0";"86,0";"80,0";"23,3";"23,4";"23,2";"1009,3";"1009,3";"1009,0";"2,0";"57,0";"4,9";"17,20";"0,0"
"27/04/2026";"2200";"25,3";"25,8";"25,3";"88,0";"88,0";"86,0";"23,2";"23,3";"23,2";"1010,0";"1010,0";"1009,3";"2,0";"47,0";"3,8";"";"0,0"
"27/04/2026";"2300";"25,3";"25,4";"25,3";"89,0";"90,0";"88,0";"23,4";"23,6";"23,2";"1010,6";"1010,6";"1010,0";"2,0";"48,0";"4,1";"";"0,0"
"28/04/2026";"0000";"24,9";"25,3";"24,9";"90,0";"90,0";"89,0";"23,2";"23,4";"23,1";"1011,2";"1011,2";"1010,6";"1,2";"51,0";"3,1";"";"0,0"
"28/04/2026";"0100";"24,6";"24,9";"24,6";"92,0";"92,0";"90,0";"23,1";"23,2";"23,1";"1011,2";"1011,3";"1011,2";"1,8";"43,0";"2,9";"";"0,0"
"28/04/2026";"0200";"23,4";"24,6";"23,4";"95,0";"95,0";"91,0";"22,5";"23,2";"22,5";"1011,5";"1011,5";"1011,2";"0,6";"309,0";"2,9";"";"0,0"
"28/04/2026";"0300";"23,0";"23,5";"23,0";"96,0";"97,0";"95,0";"22,4";"22,8";"22,4";"1011,3";"1011,5";"1011,3";"0,9";"357,0";"1,5";"";"0,0"
"28/04/2026";"0400";"22,5";"23,1";"22,5";"97,0";"97,0";"96,0";"22,0";"22,5";"22,0";"1010,9";"1011,3";"1010,9";"0,6";"335,0";"2,2";"";"0,0"
"28/04/2026";"0500";"22,2";"22,6";"22,2";"98,0";"98,0";"97,0";"21,8";"22,1";"21,8";"1010,3";"1010,9";"1010,3";"0,6";"317,0";"1,8";"";"0,0"
"28/04/2026";"0600";"22,2";"22,4";"22,1";"97,0";"98,0";"97,0";"21,8";"22,1";"21,7";"1010,2";"1010,3";"1010,2";"0,9";"339,0";"2,0";"";"0,0"
"28/04/2026";"0700";"21,5";"22,2";"21,5";"98,0";"98,0";"97,0";"21,2";"21,8";"21,2";"1010,4";"1010,4";"1010,2";"0,8";"290,0";"2,0";"";"0,0"
"28/04/2026";"0800";"21,5";"21,6";"21,4";"99,0";"99,0";"98,0";"21,2";"21,3";"21,1";"1010,8";"1010,8";"1010,4";"0,9";"307,0";"2,3";"";"0,0"
"28/04/2026";"0900";"21,4";"21,7";"21,4";"98,0";"99,0";"98,0";"21,1";"21,4";"21,1";"1011,3";"1011,3";"1010,8";"0,7";"314,0";"2,5";"2,60";"0,0"
"28/04/2026";"1000";"23,1";"23,1";"21,3";"98,0";"99,0";"98,0";"22,7";"22,7";"21,1";"1012,1";"1012,1";"1011,3";"1,1";"298,0";"2,7";"335,00";"0,0"
"28/04/2026";"1100";"25,7";"26,0";"23,1";"85,0";"98,0";"84,0";"22,9";"23,4";"22,7";"1012,5";"1012,5";"1012,1";"1,7";"351,0";"3,9";"1172,10";"0,0"
"28/04/2026";"1200";"27,7";"27,8";"25,6";"77,0";"85,0";"77,0";"23,3";"23,7";"22,6";"1013,0";"1013,0";"1012,5";"2,5";"350,0";"4,5";"1883,10";"0,0"
"28/04/2026";"1300";"28,8";"29,1";"27,4";"72,0";"78,0";"70,0";"23,4";"23,8";"22,7";"1012,7";"1013,0";"1012,7";"2,8";"39,0";"6,5";"2337,60";"0,0"
"28/04/2026";"1400";"29,6";"30,0";"28,2";"65,0";"73,0";"65,0";"22,3";"23,7";"22,1";"1011,9";"1012,7";"1011,9";"2,0";"30,0";"6,5";"2374,80";"0,0"
"28/04/2026";"1500";"30,5";"30,5";"28,8";"59,0";"71,0";"59,0";"21,6";"23,7";"21,5";"1011,2";"1011,9";"1011,1";"3,5";"53,0";"7,2";"2706,30";"0,0"
"28/04/2026";"1600";"30,2";"30,9";"30,0";"53,0";"59,0";"46,0";"19,6";"21,6";"17,4";"1010,5";"1011,2";"1010,5";"4,0";"52,0";"8,2";"2878,90";"0,0"
"28/04/2026";"1700";"29,7";"30,5";"29,4";"66,0";"67,0";"51,0";"22,8";"23,0";"19,2";"1009,9";"1010,5";"1009,9";"3,3";"68,0";"8,0";"2512,70";"0,0"
"28/04/2026";"1800";"29,3";"30,0";"29,0";"66,0";"69,0";"65,0";"22,3";"23,5";"22,1";"1009,8";"1009,9";"1009,7";"3,5";"54,0";"7,9";"1931,20";"0,0"
"28/04/2026";"1900";"28,3";"29,3";"28,3";"69,0";"70,0";"66,0";"22,0";"22,8";"22,0";"1010,1";"1010,1";"1009,7";"3,6";"71,0";"7,5";"1365,00";"0,0"
"28/04/2026";"2000";"27,0";"28,6";"27,0";"74,0";"74,0";"68,0";"22,0";"22,3";"21,8";"1010,7";"1010,7";"1010,1";"2,4";"72,0";"5,9";"416,30";"0,0"
"28/04/2026";"2100";"25,6";"27,0";"25,6";"80,0";"80,0";"74,0";"21,8";"21,9";"21,8";"1011,1";"1011,1";"1010,6";"1,2";"80,0";"4,7";"11,60";"0,0"
"28/04/2026";"2200";"25,4";"25,6";"25,3";"82,0";"83,0";"80,0";"22,2";"22,2";"21,8";"1011,5";"1011,5";"1011,1";"1,8";"72,0";"3,4";"";"0,0"
"28/04/2026";"2300";"25,6";"25,8";"25,4";"83,0";"83,0";"82,0";"22,5";"22,6";"22,2";"1012,0";"1012,0";"1011,5";"1,2";"62,0";"3,7";"";"0,0"
"29/04/2026";"0000";"24,7";"25,6";"24,7";"86,0";"86,0";"83,0";"22,2";"22,5";"22,2";"1012,3";"1012,4";"1012,0";"1,5";"58,0";"2,5";"";"0,0"
"29/04/2026";"0100";"24,1";"24,8";"24,0";"88,0";"89,0";"85,0";"22,0";"22,2";"21,9";"1012,1";"1012,3";"1012,0";"1,0";"96,0";"2,5";"";"0,0"
"29/04/2026";"0200";"23,5";"24,1";"23,5";"91,0";"91,0";"88,0";"22,0";"22,1";"21,9";"1012,3";"1012,3";"1012,0";"1,1";"55,0";"2,0";"";"0,0"
"29/04/2026";"0300";"22,8";"23,8";"22,8";"93,0";"94,0";"90,0";"21,7";"22,1";"21,6";"1012,0";"1012,3";"1011,9";"0,7";"59,0";"2,4";"";"0,0"
"29/04/2026";"0400";"22,2";"22,8";"22,1";"95,0";"96,0";"93,0";"21,4";"21,8";"21,2";"1011,5";"1012,0";"1011,5";"0,8";"243,0";"1,5";"";"0,0"
"29/04/2026";"0500";"21,5";"22,2";"21,5";"96,0";"96,0";"95,0";"20,9";"21,6";"20,9";"1011,2";"1011,5";"1011,2";"1,0";"310,0";"1,9";"";"0,0"
"29/04/2026";"0600";"21,4";"21,6";"21,2";"97,0";"97,0";"96,0";"21,0";"21,1";"20,7";"1011,1";"1011,2";"1011,1";"1,0";"265,0";"1,8";"";"0,0"
"29/04/2026";"0700";"21,2";"21,5";"21,2";"98,0";"98,0";"97,0";"20,9";"21,1";"20,9";"1010,8";"1011,1";"1010,8";"1,3";"275,0";"1,9";"";"0,0"
"29/04/2026";"0800";"21,1";"21,3";"21,1";"98,0";"98,0";"98,0";"20,9";"21,1";"20,8";"1010,8";"1010,8";"1010,6";"0,8";"293,0";"1,9";"";"0,0"
"29/04/2026";"0900";"21,2";"21,2";"21,0";"99,0";"99,0";"98,0";"20,9";"21,0";"20,8";"1011,7";"1011,7";"1010,8";"1,1";"284,0";"2,1";"1,70";"0,0"
"29/04/2026";"1000";"22,2";"22,2";"21,1";"99,0";"99,0";"99,0";"21,9";"22,0";"20,9";"1012,7";"1012,7";"1011,7";"1,1";"249,0";"3,0";"153,90";"0,0"
"29/04/2026";"1100";"24,7";"24,7";"22,1";"93,0";"99,0";"93,0";"23,5";"23,7";"21,9";"1013,0";"1013,0";"1012,6";"1,6";"259,0";"2,4";"823,60";"0,0"
"29/04/2026";"1200";"24,6";"26,3";"24,0";"95,0";"95,0";"85,0";"23,7";"24,1";"22,7";"1013,5";"1013,6";"1013,0";"0,8";"28,0";"5,2";"979,20";"0,0"
"29/04/2026";"1300";"27,4";"28,3";"24,5";"77,0";"95,0";"75,0";"23,1";"24,6";"22,6";"1013,6";"1013,7";"1013,5";"1,5";"27,0";"3,2";"2388,10";"0,0"
"29/04/2026";"1400";"29,1";"29,8";"27,3";"64,0";"80,0";"63,0";"21,6";"24,1";"21,6";"1012,9";"1013,6";"1012,8";"2,6";"61,0";"4,8";"2589,40";"0,0"
"29/04/2026";"1500";"29,7";"29,9";"28,4";"63,0";"71,0";"62,0";"22,0";"23,0";"21,0";"1011,9";"1012,9";"1011,9";"3,0";"71,0";"6,1";"2847,40";"0,0"
"29/04/2026";"1600";"29,4";"30,1";"28,9";"64,0";"65,0";"59,0";"21,8";"22,5";"20,9";"1011,0";"1011,8";"1011,0";"3,8";"75,0";"6,3";"2719,20";"0,0"
"29/04/2026";"1700";"29,0";"30,0";"28,8";"63,0";"66,0";"62,0";"21,4";"22,4";"21,1";"1010,3";"1011,0";"1010,3";"3,7";"80,0";"7,0";"2468,90";"0,0"
"29/04/2026";"1800";"28,4";"29,5";"28,2";"70,0";"71,0";"62,0";"22,5";"22,7";"21,3";"1009,8";"1010,3";"1009,8";"4,0";"75,0";"7,0";"1874,00";"0,0"
"29/04/2026";"1900";"27,4";"28,6";"27,3";"75,0";"76,0";"70,0";"22,6";"23,0";"22,4";"1009,9";"1009,9";"1009,7";"3,3";"75,0";"6,7";"1168,90";"0,0"
"29/04/2026";"2000";"26,3";"27,7";"26,3";"80,0";"80,0";"75,0";"22,6";"23,0";"22,5";"1010,3";"1010,3";"1009,9";"1,8";"61,0";"6,2";"413,20";"0,0"
"29/04/2026";"2100";"25,2";"26,3";"25,2";"86,0";"86,0";"80,0";"22,7";"22,7";"22,6";"1010,4";"1010,5";"1010,3";"1,1";"81,0";"3,3";"10,30";"0,0"
"29/04/2026";"2200";"24,9";"25,2";"24,9";"88,0";"88,0";"86,0";"22,8";"22,8";"22,7";"1010,8";"1010,8";"1010,5";"0,5";"42,0";"1,9";"";"0,0"
"29/04/2026";"2300";"24,4";"25,0";"24,4";"90,0";"90,0";"88,0";"22,6";"22,9";"22,6";"1011,2";"1011,2";"1010,7";"0,9";"50,0";"1,9";"";"0,0"
"30/04/2026";"0000";"23,5";"24,4";"23,5";"93,0";"93,0";"90,0";"22,2";"22,7";"22,2";"1011,4";"1011,4";"1011,2";"0,3";"147,0";"1,6";"";"0,0"
"30/04/2026";"0100";"22,6";"23,5";"22,6";"95,0";"95,0";"93,0";"21,8";"22,3";"21,8";"1011,5";"1011,5";"1011,4";"0,5";"269,0";"0,9";"";"0,0"
"30/04/2026";"0200";"22,1";"22,7";"22,1";"97,0";"97,0";"95,0";"21,5";"22,0";"21,5";"1011,6";"1011,7";"1011,5";"0,4";"299,0";"1,2";"";"0,0"
"30/04/2026";"0300";"21,7";"22,1";"21,7";"97,0";"97,0";"97,0";"21,2";"21,6";"21,2";"1011,3";"1011,6";"1011,3";"0,8";"322,0";"1,9";"";"0,0"
"30/04/2026";"0400";"21,3";"21,7";"21,2";"97,0";"97,0";"97,0";"20,9";"21,3";"20,7";"1010,9";"1011,3";"1010,9";"0,8";"313,0";"1,7";"";"0,0"
"30/04/2026";"0500";"21,3";"21,4";"21,1";"98,0";"98,0";"97,0";"21,0";"21,1";"20,7";"1010,6";"1010,9";"1010,6";"1,0";"253,0";"2,0";"";"0,0"
"30/04/2026";"0600";"21,1";"21,3";"21,1";"99,0";"99,0";"98,0";"20,9";"21,1";"20,9";"1010,7";"1010,7";"1010,6";"1,1";"271,0";"2,1";"";"0,0"
"30/04/2026";"0700";"21,1";"21,2";"20,9";"99,0";"99,0";"99,0";"20,9";"21,0";"20,7";"1010,7";"1010,8";"1010,6";"1,0";"261,0";"1,8";"";"0,0"
"30/04/2026";"0800";"20,8";"21,1";"20,4";"99,0";"99,0";"99,0";"20,6";"20,9";"20,2";"1011,0";"1011,0";"1010,7";"1,2";"264,0";"2,5";"";"0,0"
"30/04/2026";"0900";"21,1";"21,1";"20,8";"99,0";"99,0";"99,0";"21,0";"21,0";"20,6";"1011,7";"1011,7";"1011,0";"1,2";"262,0";"2,9";"5,10";"0,0"
"30/04/2026";"1000";"22,5";"22,5";"21,1";"99,0";"99,0";"99,0";"22,3";"22,3";"21,0";"1012,4";"1012,4";"1011,7";"1,5";"247,0";"2,1";"216,30";"0,0"
"30/04/2026";"1100";"24,4";"24,4";"22,4";"92,0";"99,0";"92,0";"23,1";"23,3";"22,3";"1013,2";"1013,2";"1012,4";"0,9";"247,0";"2,1";"699,10";"0,0"
"30/04/2026";"1200";"26,5";"26,5";"24,3";"86,0";"92,0";"84,0";"23,9";"23,9";"22,9";"1013,7";"1013,7";"1013,2";"1,1";"225,0";"2,3";"1019,40";"0,0"
"30/04/2026";"1300";"28,3";"28,7";"26,4";"74,0";"86,0";"70,0";"23,2";"23,9";"22,6";"1013,7";"1013,7";"1013,6";"1,5";"165,0";"3,7";"2347,10";"0,0"
"30/04/2026";"1400";"29,3";"29,8";"28,3";"65,0";"74,0";"65,0";"22,1";"23,4";"22,0";"1012,9";"1013,7";"1012,9";"2,7";"85,0";"5,0";"2247,90";"0,0"
"30/04/2026";"1500";"29,8";"30,1";"28,8";"58,0";"67,0";"55,0";"20,6";"22,6";"20,0";"1011,8";"1012,9";"1011,8";"3,1";"52,0";"5,0";"2430,00";"0,0"
"30/04/2026";"1600";"29,3";"30,6";"29,0";"63,0";"65,0";"56,0";"21,6";"22,6";"20,3";"1011,2";"1011,8";"1011,2";"3,3";"64,0";"5,8";"2938,90";"0,0"
"30/04/2026";"1700";"29,3";"30,0";"29,0";"67,0";"69,0";"63,0";"22,5";"23,3";"21,5";"1010,4";"1011,2";"1010,4";"2,7";"78,0";"5,7";"2360,60";"0,0"
"30/04/2026";"1800";"29,6";"29,9";"28,7";"68,0";"69,0";"63,0";"23,1";"23,3";"21,4";"1009,8";"1010,4";"1009,8";"2,8";"58,0";"5,5";"1882,70";"0,0"
"30/04/2026";"1900";"28,0";"29,6";"27,9";"72,0";"72,0";"66,0";"22,4";"23,0";"21,8";"1009,8";"1009,9";"1009,7";"2,9";"64,0";"5,8";"1371,50";"0,0"
"30/04/2026";"2000";"26,3";"28,0";"26,3";"80,0";"80,0";"71,0";"22,6";"22,6";"22,0";"1010,1";"1010,1";"1009,8";"2,1";"70,0";"5,8";"409,00";"0,0"
"30/04/2026";"2100";"25,0";"26,3";"25,0";"86,0";"86,0";"80,0";"22,5";"22,7";"22,5";"1010,4";"1010,4";"1010,0";"1,3";"72,0";"3,6";"12,90";"0,0"
"30/04/2026";"2200";"24,4";"25,0";"24,3";"89,0";"89,0";"86,0";"22,5";"22,5";"22,4";"1011,3";"1011,3";"1010,4";"1,3";"82,0";"2,5";"";"0,0"
"30/04/2026";"2300";"23,5";"24,4";"23,5";"91,0";"91,0";"89,0";"22,0";"22,5";"22,0";"1011,9";"1011,9";"1011,3";"0,4";"105,0";"2,5";"";"0,0"
"01/05/2026";"0000";"23,0";"23,5";"23,0";"94,0";"94,0";"91,0";"22,0";"22,2";"21,9";"1012,3";"1012,3";"1011,9";"0,1";"240,0";"0,9";"";"0,0"
"01/05/2026";"0100";"22,5";"23,0";"22,4";"96,0";"96,0";"94,0";"21,8";"22,1";"21,6";"1012,3";"1012,4";"1012,2";"0,6";"277,0";"0,8";"";"0,0"
"01/05/2026";"0200";"21,9";"22,6";"21,9";"96,0";"97,0";"95,0";"21,3";"22,0";"21,3";"1012,7";"1012,7";"1012,3";"0,5";"304,0";"1,2";"";"0,0"
"01/05/2026";"0300";"21,8";"22,1";"21,8";"97,0";"97,0";"96,0";"21,2";"21,6";"21,2";"1012,6";"1012,8";"1012,6";"0,3";"304,0";"1,1";"";"0,0"
"01/05/2026";"0400";"21,2";"21,9";"21,2";"97,0";"97,0";"97,0";"20,7";"21,4";"20,7";"1012,4";"1012,7";"1012,4";"0,3";"341,0";"1,1";"";"0,0"
"01/05/2026";"0500";"21,5";"21,5";"21,1";"98,0";"98,0";"97,0";"21,2";"21,2";"20,7";"1012,2";"1012,4";"1012,1";"1,0";"288,0";"1,8";"";"0,0"
"01/05/2026";"0600";"21,5";"21,5";"21,0";"99,0";"99,0";"98,0";"21,3";"21,3";"20,7";"1012,3";"1012,4";"1012,1";"1,7";"249,0";"3,3";"";"0,0"
"01/05/2026";"0700";"21,4";"21,6";"21,2";"99,0";"99,0";"98,0";"21,2";"21,4";"20,9";"1012,2";"1012,4";"1012,2";"0,9";"245,0";"2,5";"";"0,0"
"01/05/2026";"0800";"21,2";"21,5";"21,2";"99,0";"99,0";"99,0";"21,0";"21,3";"20,9";"1012,2";"1012,2";"1012,1";"1,2";"254,0";"1,7";"";"0,0"
"01/05/2026";"0900";"21,4";"21,6";"21,2";"99,0";"99,0";"99,0";"21,2";"21,4";"21,1";"1012,9";"1012,9";"1012,1";"0,4";"204,0";"1,9";"2,30";"0,0"
"01/05/2026";"1000";"22,6";"22,9";"21,4";"99,0";"99,0";"99,0";"22,4";"22,7";"21,2";"1013,6";"1013,6";"1012,9";"1,0";"258,0";"1,7";"205,00";"0,0"
"01/05/2026";"1100";"25,2";"25,2";"22,6";"91,0";"99,0";"90,0";"23,6";"23,6";"22,5";"1014,1";"1014,1";"1013,6";"1,7";"207,0";"3,3";"1179,60";"0,0"
"01/05/2026";"1200";"27,2";"27,5";"25,2";"79,0";"91,0";"79,0";"23,3";"24,1";"23,3";"1014,6";"1014,6";"1014,1";"2,1";"143,0";"4,3";"1615,00";"0,0"
"01/05/2026";"1300";"28,6";"28,6";"27,1";"70,0";"80,0";"70,0";"22,6";"23,7";"22,3";"1014,8";"1014,9";"1014,6";"2,9";"147,0";"6,1";"1714,30";"0,0"
"01/05/2026";"1400";"28,7";"30,0";"28,2";"68,0";"71,0";"63,0";"22,3";"23,3";"21,5";"1014,5";"1014,8";"1014,5";"3,0";"119,0";"6,5";"2298,10";"0,0"
"01/05/2026";"1500";"29,4";"29,9";"27,8";"65,0";"73,0";"60,0";"22,3";"23,2";"21,0";"1013,9";"1014,5";"1013,9";"3,6";"128,0";"7,5";"2368,70";"0,0"
"01/05/2026";"1600";"29,1";"30,0";"28,6";"66,0";"68,0";"63,0";"22,2";"23,0";"21,4";"1013,2";"1013,9";"1013,1";"3,7";"112,0";"6,9";"2666,30";"0,0"
"01/05/2026";"1700";"29,3";"30,0";"28,6";"64,0";"67,0";"58,0";"21,8";"22,5";"20,5";"1012,5";"1013,2";"1012,5";"3,5";"120,0";"6,9";"2472,10";"0,0"
"01/05/2026";"1800";"29,0";"29,7";"28,6";"65,0";"67,0";"55,0";"21,7";"22,3";"19,7";"1012,1";"1012,5";"1012,0";"3,2";"119,0";"6,1";"1897,60";"0,0"
"01/05/2026";"1900";"28,3";"29,0";"28,2";"67,0";"67,0";"62,0";"21,7";"21,9";"20,6";"1012,1";"1012,2";"1012,0";"3,0";"118,0";"6,7";"1357,00";"0,0"
"01/05/2026";"2000";"26,5";"28,3";"26,5";"81,0";"81,0";"67,0";"23,0";"23,2";"21,6";"1012,4";"1012,5";"1012,1";"2,7";"136,0";"5,3";"414,40";"0,0"
"01/05/2026";"2100";"25,3";"26,5";"25,3";"87,0";"87,0";"81,0";"23,0";"23,2";"22,9";"1012,8";"1012,8";"1012,4";"1,5";"140,0";"4,5";"11,40";"0,0"
"01/05/2026";"2200";"24,8";"25,3";"24,8";"89,0";"89,0";"87,0";"22,8";"23,1";"22,8";"1013,4";"1013,4";"1012,8";"1,6";"127,0";"2,8";"";"0,0"
"01/05/2026";"2300";"24,5";"24,8";"24,4";"89,0";"90,0";"89,0";"22,5";"22,8";"22,5";"1014,3";"1014,3";"1013,4";"1,2";"131,0";"2,8";"";"0,0"
"02/05/2026";"0000";"24,2";"24,5";"24,2";"89,0";"90,0";"89,0";"22,3";"22,5";"22,3";"1014,7";"1014,7";"1014,3";"0,8";"156,0";"2,0";"";"0,0"
"02/05/2026";"0100";"22,7";"24,2";"22,7";"95,0";"95,0";"89,0";"21,8";"22,3";"21,7";"1014,8";"1014,8";"1014,7";"1,1";"281,0";"1,8";"";"0,0"
"02/05/2026";"0200";"22,1";"22,7";"22,0";"97,0";"97,0";"95,0";"21,5";"21,9";"21,5";"1014,4";"1014,8";"1014,4";"1,4";"271,0";"2,3";"";"0,0"
"02/05/2026";"0300";"21,9";"22,2";"21,9";"98,0";"98,0";"97,0";"21,5";"21,7";"21,5";"1014,1";"1014,4";"1014,1";"1,2";"281,0";"2,3";"";"0,0"
"02/05/2026";"0400";"21,6";"22,0";"21,6";"98,0";"98,0";"98,0";"21,3";"21,6";"21,2";"1013,5";"1014,1";"1013,5";"1,1";"272,0";"2,2";"";"0,0"
"02/05/2026";"0500";"21,7";"21,8";"21,6";"99,0";"99,0";"98,0";"21,5";"21,5";"21,3";"1012,8";"1013,5";"1012,8";"1,8";"261,0";"2,6";"";"0,0"
"02/05/2026";"0600";"22,0";"22,0";"21,7";"98,0";"99,0";"98,0";"21,7";"21,8";"21,5";"1012,5";"1012,8";"1012,5";"0,9";"311,0";"3,1";"";"0,0"
"02/05/2026";"0700";"22,1";"22,1";"22,0";"98,0";"99,0";"98,0";"21,8";"21,8";"21,7";"1012,0";"1012,5";"1012,0";"1,4";"243,0";"2,5";"";"0,0"
"02/05/2026";"0800";"22,0";"22,1";"22,0";"98,0";"98,0";"98,0";"21,7";"21,9";"21,7";"1012,0";"1012,0";"1011,9";"0,9";"236,0";"2,5";"";"0,0"
"02/05/2026";"0900";"21,8";"22,0";"21,7";"99,0";"99,0";"98,0";"21,6";"21,7";"21,4";"1012,4";"1012,4";"1011,9";"1,0";"244,0";"1,9";"2,70";"0,0"
"02/05/2026";"1000";"23,1";"23,1";"21,8";"98,0";"99,0";"98,0";"22,7";"22,7";"21,5";"1013,0";"1013,0";"1012,4";"1,2";"257,0";"2,6";"251,30";"0,0"
"02/05/2026";"1100";"24,7";"24,9";"23,0";"89,0";"98,0";"89,0";"22,8";"23,5";"22,3";"1013,6";"1013,6";"1013,0";"1,9";"229,0";"3,2";"852,60";"0,0"
"02/05/2026";"1200";"26,9";"27,3";"24,7";"81,0";"90,0";"79,0";"23,3";"23,9";"22,8";"1014,4";"1014,4";"1013,6";"0,9";"264,0";"3,1";"1442,10";"0,0"
"02/05/2026";"1300";"28,3";"28,5";"26,8";"70,0";"81,0";"70,0";"22,4";"23,5";"22,4";"1014,1";"1014,4";"1014,1";"0,7";"239,0";"2,6";"1360,60";"0,0"
"02/05/2026";"1400";"30,2";"30,3";"28,3";"62,0";"72,0";"61,0";"22,1";"23,3";"21,4";"1013,2";"1014,1";"1013,2";"1,2";"143,0";"3,6";"2916,80";"0,0"
"02/05/2026";"1500";"29,6";"30,7";"29,4";"60,0";"63,0";"57,0";"21,0";"22,1";"20,8";"1012,6";"1013,2";"1012,6";"1,1";"74,0";"3,8";"2359,60";"0,0"
"02/05/2026";"1600";"28,7";"29,6";"28,7";"67,0";"67,0";"59,0";"21,9";"22,1";"20,7";"1011,9";"1012,6";"1011,9";"2,5";"49,0";"4,3";"1321,70";"0,0"
"02/05/2026";"1700";"28,5";"29,2";"28,4";"69,0";"70,0";"66,0";"22,3";"22,7";"21,9";"1011,1";"1011,9";"1011,1";"2,4";"52,0";"4,5";"1234,70";"0,0"
"02/05/2026";"1800";"28,0";"29,2";"28,0";"73,0";"73,0";"68,0";"22,6";"23,2";"22,2";"1010,7";"1011,1";"1010,7";"2,6";"41,0";"5,0";"1323,70";"0,0"
"02/05/2026";"1900";"28,0";"28,7";"27,9";"73,0";"73,0";"69,0";"22,7";"23,0";"22,4";"1010,8";"1010,8";"1010,6";"2,9";"40,0";"5,0";"1234,40";"0,0"
"02/05/2026";"2000";"26,0";"28,1";"26,0";"85,0";"85,0";"73,0";"23,3";"23,3";"22,4";"1011,3";"1011,3";"1010,8";"3,4";"45,0";"6,7";"404,70";"0,0"
"02/05/2026";"2100";"24,5";"26,0";"24,5";"90,0";"90,0";"85,0";"22,8";"23,3";"22,8";"1011,9";"1011,9";"1011,3";"1,5";"31,0";"6,2";"9,50";"0,0"
"02/05/2026";"2200";"23,5";"24,5";"23,5";"94,0";"94,0";"90,0";"22,5";"22,7";"22,5";"1012,6";"1012,6";"1011,9";"1,0";"3,0";"2,9";"";"0,0"
"02/05/2026";"2300";"23,1";"23,5";"23,0";"94,0";"94,0";"94,0";"22,0";"22,4";"22,0";"1012,8";"1012,8";"1012,6";"1,2";"8,0";"2,3";"";"0,0"
"03/05/2026";"0000";"22,7";"23,1";"22,7";"93,0";"94,0";"92,0";"21,4";"22,0";"21,4";"1013,2";"1013,2";"1012,8";"1,1";"13,0";"2,5";"";"0,0"
"03/05/2026";"0100";"22,1";"22,7";"22,1";"94,0";"94,0";"93,0";"21,1";"21,5";"21,1";"1013,0";"1013,2";"1013,0";"0,4";"328,0";"2,0";"";"0,0"
"03/05/2026";"0200";"21,5";"22,1";"21,5";"96,0";"96,0";"94,0";"20,9";"21,2";"20,9";"1012,9";"1013,0";"1012,8";"1,0";"304,0";"2,5";"";"0,0"
"03/05/2026";"0300";"21,4";"21,6";"21,4";"97,0";"97,0";"96,0";"21,0";"21,0";"20,9";"1012,5";"1012,9";"1012,5";"1,5";"291,0";"2,6";"";"0,0"
"03/05/2026";"0400";"21,3";"21,4";"21,2";"98,0";"98,0";"97,0";"20,9";"21,0";"20,9";"1011,9";"1012,5";"1011,9";"1,6";"283,0";"3,0";"";"0,0"
"03/05/2026";"0500";"21,1";"21,3";"21,1";"98,0";"98,0";"98,0";"20,9";"21,0";"20,7";"1011,6";"1012,0";"1011,6";"0,8";"301,0";"3,0";"";"0,0"
"03/05/2026";"0600";"21,1";"21,3";"21,1";"98,0";"98,0";"98,0";"20,8";"21,0";"20,8";"1011,0";"1011,6";"1011,0";"0,7";"306,0";"2,8";"";"0,0"
"03/05/2026";"0700";"21,0";"21,2";"20,8";"98,0";"98,0";"98,0";"20,8";"20,9";"20,5";"1010,7";"1011,0";"1010,7";"0,8";"305,0";"2,4";"";"0,0"
"03/05/2026";"0800";"20,7";"21,1";"20,5";"98,0";"98,0";"98,0";"20,4";"20,8";"20,2";"1010,7";"1010,7";"1010,4";"0,7";"305,0";"2,5";"";"0,0"
"03/05/2026";"0900";"20,2";"20,7";"20,1";"98,0";"99,0";"98,0";"20,0";"20,4";"19,9";"1011,4";"1011,4";"1010,7";"0,6";"288,0";"1,9";"3,00";"0,0"
"03/05/2026";"1000";"22,4";"22,4";"20,2";"97,0";"99,0";"97,0";"21,8";"21,8";"20,0";"1012,0";"1012,0";"1011,4";"1,0";"262,0";"2,3";"236,80";"0,0"
"03/05/2026";"1100";"25,4";"25,4";"22,3";"82,0";"97,0";"82,0";"22,1";"22,4";"21,7";"1012,5";"1012,5";"1012,0";"1,8";"283,0";"3,2";"1134,20";"0,0"
"03/05/2026";"1200";"27,4";"27,8";"25,4";"72,0";"82,0";"70,0";"21,9";"22,5";"21,5";"1012,5";"1012,6";"1012,4";"1,8";"332,0";"4,2";"1819,80";"0,0"
"03/05/2026";"1300";"28,3";"28,9";"27,1";"69,0";"74,0";"69,0";"22,1";"23,0";"21,5";"1012,7";"1012,8";"1012,5";"2,4";"14,0";"5,2";"2354,80";"0,0"
"03/05/2026";"1400";"29,5";"30,2";"27,9";"62,0";"72,0";"61,0";"21,3";"23,0";"21,3";"1012,3";"1012,7";"1012,3";"1,6";"331,0";"4,3";"2671,90";"0,0"
"03/05/2026";"1500";"30,1";"30,8";"29,1";"62,0";"65,0";"59,0";"22,1";"22,6";"21,0";"1011,7";"1012,3";"1011,7";"1,6";"177,0";"3,7";"2651,60";"0,0"
"03/05/2026";"1600";"28,9";"31,0";"28,8";"67,0";"67,0";"57,0";"22,1";"22,4";"21,2";"1011,2";"1011,7";"1011,1";"5,0";"189,0";"9,3";"1738,60";"0,0"
"03/05/2026";"1700";"28,7";"29,0";"26,4";"72,0";"87,0";"65,0";"23,3";"24,3";"21,2";"1011,0";"1011,3";"1011,0";"3,6";"141,0";"10,4";"1485,50";"0,0"
"03/05/2026";"1800";"29,0";"29,2";"28,1";"65,0";"73,0";"64,0";"21,6";"23,6";"21,2";"1010,9";"1011,0";"1010,8";"5,0";"156,0";"9,8";"1769,20";"0,0"
"03/05/2026";"1900";"27,7";"29,2";"27,5";"68,0";"68,0";"62,0";"21,4";"21,6";"20,3";"1011,3";"1011,3";"1010,9";"4,3";"158,0";"10,8";"1135,70";"0,0"
"03/05/2026";"2000";"26,1";"27,8";"26,1";"75,0";"75,0";"68,0";"21,2";"21,5";"21,1";"1011,6";"1011,6";"1011,2";"4,0";"159,0";"9,5";"291,80";"0,0"
"03/05/2026";"2100";"25,2";"26,1";"25,1";"79,0";"79,0";"75,0";"21,2";"21,2";"21,1";"1012,1";"1012,1";"1011,6";"4,1";"159,0";"8,3";"9,70";"0,0"
"03/05/2026";"2200";"24,6";"25,2";"24,4";"83,0";"83,0";"78,0";"21,5";"21,5";"20,8";"1012,6";"1012,6";"1012,1";"3,4";"173,0";"7,8";"";"0,0"
"03/05/2026";"2300";"24,2";"24,6";"24,1";"88,0";"88,0";"83,0";"22,0";"22,0";"21,5";"1013,1";"1013,1";"1012,6";"3,4";"192,0";"6,8";"";"0,0"
"04/05/2026";"0000";"24,0";"24,2";"24,0";"89,0";"89,0";"88,0";"22,1";"22,2";"22,0";"1013,5";"1013,5";"1013,1";"3,4";"191,0";"6,8";"";"0,0"
"04/05/2026";"0100";"24,0";"24,1";"23,9";"88,0";"89,0";"88,0";"21,9";"22,2";"21,9";"1013,6";"1013,8";"1013,5";"3,4";"193,0";"7,2";"";"0,0"
"04/05/2026";"0200";"23,9";"24,0";"23,9";"88,0";"88,0";"87,0";"21,8";"21,9";"21,7";"1013,8";"1013,8";"1013,6";"4,4";"191,0";"7,9";"";"0,0"
"04/05/2026";"0300";"23,0";"24,0";"22,8";"94,0";"94,0";"86,0";"22,0";"22,0";"21,3";"1013,8";"1013,8";"1013,7";"1,8";"214,0";"9,1";"";"0,0"
"04/05/2026";"0400";"22,1";"23,0";"22,1";"95,0";"95,0";"94,0";"21,3";"22,1";"21,3";"1013,3";"1013,8";"1013,2";"2,5";"209,0";"5,7";"";"0,0"
"04/05/2026";"0500";"21,8";"22,2";"21,8";"97,0";"97,0";"95,0";"21,3";"21,5";"21,2";"1013,2";"1013,4";"1013,2";"2,0";"211,0";"5,8";"";"0,0"
"04/05/2026";"0600";"21,8";"21,9";"21,8";"97,0";"98,0";"97,0";"21,3";"21,5";"21,3";"1012,9";"1013,3";"1012,9";"2,1";"227,0";"4,3";"";"0,0"
"04/05/2026";"0700";"21,8";"21,9";"21,8";"95,0";"97,0";"95,0";"21,0";"21,4";"21,0";"1013,0";"1013,0";"1012,9";"3,0";"216,0";"6,6";"";"0,0"
"04/05/2026";"0800";"21,8";"21,9";"21,7";"94,0";"96,0";"94,0";"20,8";"21,0";"20,7";"1013,2";"1013,3";"1012,9";"2,4";"208,0";"6,6";"0,10";"0,0"
"04/05/2026";"0900";"21,7";"21,9";"21,7";"93,0";"94,0";"93,0";"20,6";"20,8";"20,5";"1013,9";"1013,9";"1013,2";"2,2";"209,0";"4,8";"0,60";"0,0"
"04/05/2026";"1000";"22,1";"22,1";"21,7";"91,0";"93,0";"91,0";"20,5";"20,6";"20,4";"1014,5";"1014,5";"1013,9";"3,1";"212,0";"6,0";"121,40";"0,0"
"04/05/2026";"1100";"24,0";"24,1";"22,1";"83,0";"91,0";"83,0";"20,9";"21,1";"20,6";"1015,2";"1015,2";"1014,5";"2,5";"211,0";"6,6";"1113,10";"0,0"
"04/05/2026";"1200";"24,6";"24,9";"23,7";"80,0";"84,0";"79,0";"20,8";"21,4";"20,6";"1015,7";"1015,7";"1015,2";"3,7";"189,0";"6,0";"1050,30";"0,0"
"04/05/2026";"1300";"25,9";"26,1";"24,4";"73,0";"82,0";"72,0";"20,6";"21,6";"20,5";"1016,0";"1016,0";"1015,7";"3,9";"170,0";"6,6";"1203,40";"0,0"
"04/05/2026";"1400";"26,4";"27,0";"25,7";"70,0";"75,0";"69,0";"20,4";"21,4";"20,3";"1015,7";"1016,1";"1015,7";"3,7";"176,0";"7,9";"1720,60";"0,0"
"04/05/2026";"1500";"26,8";"27,4";"26,2";"67,0";"73,0";"65,0";"20,0";"21,4";"20,0";"1015,2";"1015,8";"1015,2";"4,9";"162,0";"9,2";"2024,30";"0,0"
"04/05/2026";"1600";"27,2";"27,5";"26,8";"63,0";"69,0";"59,0";"19,5";"20,8";"18,4";"1014,9";"1015,3";"1014,9";"5,5";"165,0";"10,5";"1739,50";"0,0"
"04/05/2026";"1700";"27,0";"27,7";"26,4";"60,0";"66,0";"59,0";"18,5";"19,8";"18,4";"1014,1";"1015,0";"1014,1";"5,3";"169,0";"9,9";"1663,70";"0,0"
"04/05/2026";"1800";"26,6";"27,0";"26,5";"63,0";"63,0";"58,0";"19,0";"19,0";"17,8";"1014,1";"1014,2";"1014,0";"4,6";"159,0";"9,0";"1005,20";"0,0"
"04/05/2026";"1900";"25,5";"26,6";"25,5";"66,0";"67,0";"63,0";"18,7";"19,2";"18,6";"1014,2";"1014,2";"1014,0";"3,7";"175,0";"8,5";"476,70";"0,0"
"04/05/2026";"2000";"24,3";"25,6";"24,3";"79,0";"79,0";"66,0";"20,5";"20,5";"18,7";"1014,5";"1014,5";"1014,2";"2,8";"189,0";"7,3";"174,30";"0,0"
"04/05/2026";"2100";"23,5";"24,3";"23,5";"80,0";"81,0";"79,0";"19,9";"20,7";"19,9";"1014,9";"1014,9";"1014,5";"3,7";"185,0";"7,2";"7,00";"0,0"
"04/05/2026";"2200";"23,5";"23,7";"23,3";"79,0";"81,0";"77,0";"19,7";"19,9";"19,5";"1015,7";"1015,7";"1014,9";"2,6";"201,0";"6,8";"";"0,0"
"04/05/2026";"2300";"23,6";"23,6";"23,2";"81,0";"83,0";"79,0";"20,1";"20,3";"19,7";"1016,4";"1016,4";"1015,7";"3,1";"200,0";"6,2";"";"0,0"
"05/05/2026";"0000";"23,6";"23,7";"23,6";"78,0";"81,0";"77,0";"19,5";"20,1";"19,5";"1016,9";"1016,9";"1016,4";"2,3";"207,0";"5,5";"";"0,0"
"05/05/2026";"0100";"22,9";"23,6";"22,9";"83,0";"83,0";"78,0";"19,8";"19,8";"19,5";"1016,7";"1016,9";"1016,7";"2,0";"217,0";"5,6";"";"0,0"
"05/05/2026";"0200";"22,8";"22,9";"22,7";"81,0";"83,0";"81,0";"19,3";"19,8";"19,3";"1016,5";"1016,8";"1016,5";"2,0";"215,0";"4,6";"";"0,0"
"05/05/2026";"0300";"22,1";"22,8";"22,1";"82,0";"82,0";"80,0";"18,9";"19,3";"18,8";"1016,3";"1016,5";"1016,3";"1,3";"223,0";"4,2";"";"0,0"
"05/05/2026";"0400";"22,3";"22,3";"22,1";"79,0";"82,0";"79,0";"18,5";"18,9";"18,5";"1015,7";"1016,3";"1015,7";"2,2";"214,0";"4,3";"";"0,0"
"05/05/2026";"0500";"22,2";"22,4";"22,2";"80,0";"80,0";"78,0";"18,5";"18,6";"18,4";"1015,6";"1015,7";"1015,6";"2,0";"215,0";"5,1";"";"0,0"
"05/05/2026";"0600";"22,3";"22,3";"22,2";"80,0";"81,0";"79,0";"18,7";"18,7";"18,5";"1015,4";"1015,6";"1015,3";"2,1";"209,0";"4,5";"";"0,0"
"05/05/2026";"0700";"22,1";"22,3";"22,1";"81,0";"81,0";"80,0";"18,7";"18,8";"18,6";"1015,1";"1015,4";"1015,0";"2,4";"213,0";"5,8";"";"0,0"
"05/05/2026";"0800";"21,8";"22,1";"21,8";"83,0";"83,0";"81,0";"18,8";"18,8";"18,7";"1015,1";"1015,1";"1015,0";"1,5";"224,0";"4,5";"";"0,0"
"05/05/2026";"0900";"21,9";"21,9";"21,7";"84,0";"84,0";"83,0";"19,0";"19,1";"18,8";"1015,8";"1015,8";"1015,1";"1,6";"217,0";"3,5";"0,90";"0,0"
"05/05/2026";"1000";"22,5";"22,5";"21,9";"82,0";"84,0";"82,0";"19,3";"19,3";"19,0";"1016,3";"1016,3";"1015,8";"2,3";"219,0";"4,7";"143,80";"0,0"
"05/05/2026";"1100";"24,0";"24,0";"22,5";"80,0";"82,0";"79,0";"20,2";"20,2";"19,3";"1016,4";"1016,4";"1016,3";"2,8";"206,0";"6,0";"509,40";"0,0"
"05/05/2026";"1200";"";"";"";"";"";"";"";"";"";"";"";"";"";"";"";"";""
"05/05/2026";"1300";"";"";"";"";"";"";"";"";"";"";"";"";"";"";"";"";""
"05/05/2026";"1400";"";"";"";"";"";"";"";"";"";"";"";"";"";"";"";"";""
"05/05/2026";"1500";"";"";"";"";"";"";"";"";"";"";"";"";"";"";"";"";""
"05/05/2026";"1600";"";"";"";"";"";"";"";"";"";"";"";"";"";"";"";"";""
"05/05/2026";"1700";"";"";"";"";"";"";"";"";"";"";"";"";"";"";"";"";""
"05/05/2026";"1800";"";"";"";"";"";"";"";"";"";"";"";"";"";"";"";"";""
"05/05/2026";"1900";"";"";"";"";"";"";"";"";"";"";"";"";"";"";"";"";""
"05/05/2026";"2000";"";"";"";"";"";"";"";"";"";"";"";"";"";"";"";"";""
"05/05/2026";"2100";"";"";"";"";"";"";"";"";"";"";"";"";"";"";"";"";""
"05/05/2026";"2200";"";"";"";"";"";"";"";"";"";"";"";"";"";"";"";"";""
"05/05/2026";"2300";"";"";"";"";"";"";"";"";"";"";"";"";"";"";"";"";""