"Data";"Hora (UTC)";"Temp. Ins. (C)";"Temp. Max. (C)";"Temp. Min. (C)";"Umi. Ins. (%)";"Umi. Max. (%)";"Umi. Min. (%)";"Pto Orvalho Ins. (C)";"Pto Orvalho Max. (C)";"Pto Orvalho Min. (C)";"Pressao Ins. (hPa)";"Pressao Max. (hPa)";"Pressao Min. (hPa)";"Vel. Vento (m/s)";"Dir. Vento (m/s)";"Raj. Vento (m/s)";"Radiacao (KJ/m²)";"Chuva (mm)"
"01/05/2026";"0000";"20,0";"20,8";"20,0";"84,0";"84,0";"82,0";"17,3";"17,6";"17,3";"1018,4";"1018,4";"1017,9";"0,7";"221,0";"1,9";"";"0,0"
"01/05/2026";"0100";"19,7";"20,0";"19,7";"86,0";"86,0";"84,0";"17,2";"17,3";"17,2";"1018,6";"1018,7";"1018,3";"0,7";"206,0";"2,0";"";"0,0"
"01/05/2026";"0200";"18,9";"19,7";"18,9";"87,0";"87,0";"86,0";"16,7";"17,2";"16,7";"1018,9";"1018,9";"1018,6";"0,9";"227,0";"2,0";"";"0,0"
"01/05/2026";"0300";"18,7";"18,9";"18,6";"88,0";"88,0";"87,0";"16,6";"16,8";"16,5";"1018,7";"1019,1";"1018,7";"0,7";"199,0";"2,4";"";"0,0"
"01/05/2026";"0400";"18,2";"18,7";"18,2";"89,0";"89,0";"88,0";"16,3";"16,6";"16,3";"1018,3";"1018,8";"1018,2";"0,7";"206,0";"2,5";"";"0,0"
"01/05/2026";"0500";"18,0";"18,2";"18,0";"89,0";"89,0";"89,0";"16,2";"16,3";"16,2";"1017,8";"1018,3";"1017,8";"1,2";"207,0";"3,1";"";"0,0"
"01/05/2026";"0600";"17,6";"18,0";"17,5";"89,0";"89,0";"89,0";"15,8";"16,2";"15,7";"1017,5";"1017,8";"1017,4";"1,3";"236,0";"3,0";"";"0,0"
"01/05/2026";"0700";"17,2";"17,6";"17,2";"90,0";"90,0";"89,0";"15,5";"15,8";"15,5";"1016,9";"1017,5";"1016,9";"1,0";"213,0";"3,3";"";"0,0"
"01/05/2026";"0800";"17,4";"17,4";"17,0";"90,0";"90,0";"90,0";"15,7";"15,7";"15,3";"1017,0";"1017,0";"1016,8";"1,6";"223,0";"3,6";"";"0,0"
"01/05/2026";"0900";"17,0";"17,4";"17,0";"90,0";"90,0";"90,0";"15,3";"15,7";"15,3";"1017,5";"1017,5";"1017,0";"1,4";"221,0";"3,8";"";"0,0"
"01/05/2026";"1000";"16,8";"17,0";"16,7";"90,0";"91,0";"90,0";"15,2";"15,3";"15,1";"1018,3";"1018,3";"1017,5";"1,3";"211,0";"3,6";"7,60";"0,0"
"01/05/2026";"1100";"17,6";"17,6";"16,8";"90,0";"91,0";"90,0";"16,0";"16,0";"15,2";"1019,0";"1019,0";"1018,3";"2,0";"226,0";"5,0";"214,30";"0,0"
"01/05/2026";"1200";"19,1";"19,1";"17,6";"90,0";"90,0";"90,0";"17,4";"17,4";"16,0";"1019,2";"1019,3";"1019,0";"2,3";"246,0";"5,0";"548,70";"0,0"
"01/05/2026";"1300";"21,4";"21,4";"19,1";"87,0";"90,0";"86,0";"19,0";"19,0";"17,3";"1019,2";"1019,3";"1019,0";"2,2";"237,0";"4,4";"1825,50";"0,0"
"01/05/2026";"1400";"23,1";"23,1";"21,3";"84,0";"87,0";"83,0";"20,2";"20,2";"18,8";"1018,6";"1019,2";"1018,6";"1,4";"231,0";"4,1";"1874,50";"0,0"
"01/05/2026";"1500";"24,0";"24,8";"23,1";"80,0";"84,0";"79,0";"20,3";"21,4";"20,0";"1017,4";"1018,6";"1017,4";"1,8";"267,0";"3,6";"2335,30";"0,0"
"01/05/2026";"1600";"25,6";"25,7";"24,0";"74,0";"81,0";"74,0";"20,7";"21,1";"20,1";"1016,4";"1017,4";"1016,4";"1,8";"355,0";"4,3";"2538,90";"0,0"
"01/05/2026";"1700";"26,4";"26,5";"25,5";"70,0";"75,0";"70,0";"20,6";"21,1";"20,2";"1015,3";"1016,4";"1015,3";"2,3";"354,0";"4,2";"2385,80";"0,0"
"01/05/2026";"1800";"26,6";"27,1";"26,1";"66,0";"71,0";"66,0";"19,8";"20,8";"19,8";"1014,6";"1015,3";"1014,6";"2,6";"22,0";"5,4";"2230,10";"0,0"
"01/05/2026";"1900";"25,8";"26,7";"25,8";"68,0";"69,0";"66,0";"19,6";"20,1";"19,2";"1014,2";"1014,6";"1014,2";"3,4";"13,0";"5,8";"1301,00";"0,0"
"01/05/2026";"2000";"24,1";"25,8";"24,1";"71,0";"71,0";"68,0";"18,4";"19,5";"18,4";"1014,2";"1014,3";"1014,1";"3,8";"23,0";"6,7";"687,90";"0,0"
"01/05/2026";"2100";"22,3";"24,1";"22,3";"75,0";"75,0";"71,0";"17,7";"18,4";"17,7";"1014,5";"1014,5";"1014,2";"2,6";"38,0";"6,0";"101,50";"0,0"
"01/05/2026";"2200";"21,6";"22,3";"21,6";"78,0";"78,0";"75,0";"17,7";"17,8";"17,6";"1014,8";"1014,9";"1014,5";"2,0";"44,0";"4,3";"";"0,0"
"01/05/2026";"2300";"21,1";"21,7";"21,0";"81,0";"81,0";"78,0";"17,8";"17,9";"17,6";"1014,9";"1014,9";"1014,8";"0,2";"39,0";"4,0";"";"0,0"
"02/05/2026";"0000";"20,8";"21,1";"20,8";"84,0";"84,0";"81,0";"17,9";"18,0";"17,7";"1015,0";"1015,1";"1014,9";"0,2";"164,0";"2,0";"";"0,0"
"02/05/2026";"0100";"20,0";"20,8";"19,8";"85,0";"85,0";"84,0";"17,4";"18,0";"17,1";"1014,8";"1015,0";"1014,8";"0,7";"187,0";"1,8";"";"0,0"
"02/05/2026";"0200";"20,6";"20,7";"19,8";"86,0";"86,0";"85,0";"18,2";"18,3";"17,3";"1014,7";"1014,8";"1014,5";"0,8";"194,0";"1,7";"";"0,0"
"02/05/2026";"0300";"20,6";"20,6";"20,3";"87,0";"87,0";"86,0";"18,4";"18,4";"18,0";"1014,3";"1014,8";"1014,3";"0,1";"211,0";"1,8";"";"0,0"
"02/05/2026";"0400";"20,7";"20,8";"20,6";"88,0";"88,0";"87,0";"18,6";"18,6";"18,4";"1013,8";"1014,4";"1013,8";"0,7";"240,0";"1,9";"";"0,0"
"02/05/2026";"0500";"20,6";"20,7";"20,6";"88,0";"88,0";"88,0";"18,7";"18,7";"18,6";"1013,7";"1013,8";"1013,6";"1,6";"238,0";"2,6";"";"0,0"
"02/05/2026";"0600";"20,6";"20,7";"20,6";"89,0";"89,0";"88,0";"18,7";"18,8";"18,7";"1013,2";"1013,7";"1013,2";"1,1";"242,0";"2,9";"";"0,0"
"02/05/2026";"0700";"20,4";"20,7";"20,4";"89,0";"89,0";"89,0";"18,5";"18,8";"18,5";"1013,1";"1013,3";"1013,0";"1,1";"223,0";"2,8";"";"0,0"
"02/05/2026";"0800";"20,3";"20,4";"20,2";"90,0";"90,0";"89,0";"18,5";"18,5";"18,4";"1013,2";"1013,2";"1012,7";"0,7";"204,0";"2,8";"";"0,0"
"02/05/2026";"0900";"20,4";"20,5";"20,3";"90,0";"90,0";"90,0";"18,7";"18,7";"18,5";"1014,6";"1014,6";"1013,2";"0,8";"236,0";"2,3";"";"0,0"
"02/05/2026";"1000";"20,5";"20,7";"20,4";"90,0";"90,0";"90,0";"18,8";"18,9";"18,7";"1016,4";"1016,5";"1014,6";"2,5";"237,0";"9,6";"";"3,0"
"02/05/2026";"1100";"20,3";"20,5";"20,3";"91,0";"91,0";"90,0";"18,7";"18,8";"18,7";"1015,8";"1017,0";"1015,7";"0,0";"209,0";"4,3";"45,30";"3,2"
"02/05/2026";"1200";"20,5";"20,6";"20,3";"91,0";"91,0";"91,0";"19,0";"19,1";"18,7";"1015,3";"1015,8";"1015,1";"0,6";"289,0";"1,5";"192,50";"0,2"
"02/05/2026";"1300";"20,9";"21,0";"20,3";"88,0";"91,0";"88,0";"18,8";"19,1";"18,5";"1015,0";"1015,3";"1014,9";"1,6";"289,0";"7,6";"368,50";"0,0"
"02/05/2026";"1400";"21,6";"21,6";"20,8";"84,0";"88,0";"84,0";"18,7";"18,9";"18,6";"1013,7";"1015,0";"1013,7";"6,3";"280,0";"12,9";"352,20";"0,2"
"02/05/2026";"1500";"22,4";"22,4";"21,5";"81,0";"84,0";"81,0";"18,9";"18,9";"18,6";"1012,0";"1013,8";"1012,0";"4,3";"268,0";"10,4";"479,00";"0,0"
"02/05/2026";"1600";"21,9";"22,5";"21,9";"83,0";"83,0";"80,0";"18,8";"19,1";"18,7";"1011,8";"1012,6";"1011,1";"1,6";"172,0";"7,9";"406,60";"0,0"
"02/05/2026";"1700";"21,6";"21,9";"21,5";"84,0";"84,0";"83,0";"18,8";"18,8";"18,6";"1012,9";"1013,3";"1011,3";"2,1";"249,0";"3,7";"223,40";"0,0"
"02/05/2026";"1800";"21,6";"21,6";"21,4";"84,0";"85,0";"84,0";"18,8";"18,8";"18,6";"1013,4";"1013,5";"1012,5";"2,0";"231,0";"5,1";"257,70";"0,0"
"02/05/2026";"1900";"21,9";"22,0";"21,6";"84,0";"85,0";"84,0";"19,1";"19,3";"18,8";"1013,5";"1013,8";"1013,4";"0,5";"217,0";"4,0";"346,70";"0,0"
"02/05/2026";"2000";"21,5";"21,9";"21,5";"85,0";"85,0";"84,0";"18,8";"19,1";"18,8";"1014,8";"1014,9";"1013,3";"0,7";"16,0";"2,1";"115,50";"0,0"
"02/05/2026";"2100";"20,8";"21,5";"20,8";"86,0";"86,0";"85,0";"18,5";"18,8";"18,5";"1015,6";"1015,6";"1014,5";"0,5";"180,0";"2,5";"6,00";"0,0"
"02/05/2026";"2200";"20,0";"20,8";"20,0";"87,0";"88,0";"86,0";"17,9";"18,4";"17,8";"1015,9";"1016,2";"1015,0";"1,9";"336,0";"2,8";"";"0,0"
"02/05/2026";"2300";"19,8";"20,0";"19,7";"88,0";"88,0";"87,0";"17,8";"17,9";"17,7";"1016,3";"1016,4";"1015,9";"0,0";"284,0";"2,7";"";"0,0"
"03/05/2026";"0000";"20,1";"20,2";"19,8";"88,0";"89,0";"88,0";"18,1";"18,2";"17,9";"1017,2";"1017,2";"1016,3";"0,4";"22,0";"2,0";"";"0,0"
"03/05/2026";"0100";"19,8";"20,1";"19,8";"89,0";"89,0";"88,0";"18,0";"18,1";"17,9";"1017,8";"1017,8";"1017,2";"0,0";"78,0";"1,7";"";"0,0"
"03/05/2026";"0200";"19,3";"19,9";"19,3";"89,0";"89,0";"89,0";"17,4";"18,1";"17,4";"1018,3";"1018,3";"1017,8";"1,0";"24,0";"1,7";"";"0,0"
"03/05/2026";"0300";"19,1";"19,3";"18,8";"88,0";"89,0";"87,0";"17,0";"17,4";"16,7";"1018,5";"1018,7";"1018,3";"0,1";"229,0";"2,1";"";"0,0"
"03/05/2026";"0400";"18,7";"19,2";"18,7";"88,0";"88,0";"88,0";"16,6";"17,2";"16,6";"1018,4";"1018,5";"1018,3";"0,2";"200,0";"1,2";"";"0,0"
"03/05/2026";"0500";"18,6";"18,7";"18,5";"86,0";"88,0";"86,0";"16,3";"16,5";"16,2";"1018,4";"1018,5";"1018,4";"0,5";"178,0";"2,7";"";"0,0"
"03/05/2026";"0600";"18,3";"18,8";"18,3";"86,0";"86,0";"86,0";"15,9";"16,4";"15,9";"1018,1";"1018,4";"1018,1";"0,3";"154,0";"2,2";"";"0,0"
"03/05/2026";"0700";"17,8";"18,3";"17,8";"85,0";"86,0";"85,0";"15,2";"15,9";"15,2";"1018,1";"1018,2";"1018,0";"0,9";"156,0";"3,8";"";"0,0"
"03/05/2026";"0800";"17,2";"17,8";"17,2";"84,0";"85,0";"84,0";"14,4";"15,2";"14,4";"1018,6";"1018,6";"1018,0";"1,4";"166,0";"3,4";"";"0,0"
"03/05/2026";"0900";"16,8";"17,2";"16,8";"82,0";"84,0";"82,0";"13,7";"14,4";"13,7";"1019,4";"1019,4";"1018,6";"1,9";"154,0";"4,5";"";"0,0"
"03/05/2026";"1000";"16,0";"16,8";"16,0";"81,0";"82,0";"81,0";"12,7";"13,7";"12,7";"1020,5";"1020,6";"1019,4";"1,3";"164,0";"6,0";"6,20";"0,0"
"03/05/2026";"1100";"16,6";"16,6";"15,6";"77,0";"81,0";"77,0";"12,6";"12,8";"12,1";"1021,4";"1021,4";"1020,6";"2,3";"162,0";"5,2";"368,90";"0,0"
"03/05/2026";"1200";"17,7";"17,9";"16,6";"73,0";"78,0";"73,0";"12,7";"13,0";"12,1";"1022,5";"1022,5";"1021,4";"2,3";"178,0";"5,9";"1233,50";"0,0"
"03/05/2026";"1300";"18,1";"18,5";"17,1";"67,0";"73,0";"67,0";"11,9";"13,1";"11,5";"1023,2";"1023,3";"1022,5";"3,0";"170,0";"8,4";"1741,90";"0,0"
"03/05/2026";"1400";"19,2";"19,3";"18,1";"63,0";"67,0";"62,0";"11,9";"12,6";"11,5";"1023,1";"1023,4";"1023,1";"3,0";"168,0";"7,8";"2272,80";"0,0"
"03/05/2026";"1500";"19,4";"19,6";"18,9";"60,0";"63,0";"60,0";"11,4";"12,1";"11,2";"1022,5";"1023,2";"1022,5";"2,3";"168,0";"5,6";"1574,10";"0,0"
"03/05/2026";"1600";"20,3";"20,6";"19,3";"56,0";"61,0";"56,0";"11,3";"12,2";"11,2";"1021,6";"1022,5";"1021,6";"1,3";"172,0";"4,8";"1729,00";"0,0"
"03/05/2026";"1700";"20,7";"20,8";"20,1";"53,0";"56,0";"52,0";"10,7";"11,5";"10,4";"1021,1";"1021,6";"1021,1";"0,7";"338,0";"4,2";"1440,10";"0,0"
"03/05/2026";"1800";"20,4";"21,0";"20,2";"52,0";"54,0";"52,0";"10,3";"11,1";"10,2";"1021,0";"1021,1";"1020,9";"1,7";"319,0";"3,3";"1151,80";"0,0"
"03/05/2026";"1900";"19,6";"20,4";"19,6";"56,0";"56,0";"52,0";"10,6";"10,6";"10,0";"1020,8";"1021,0";"1020,7";"2,0";"331,0";"4,0";"652,10";"0,0"
"03/05/2026";"2000";"18,9";"19,6";"18,9";"60,0";"60,0";"56,0";"10,9";"10,9";"10,5";"1020,8";"1020,9";"1020,8";"1,2";"325,0";"3,3";"344,70";"0,0"
"03/05/2026";"2100";"17,9";"18,9";"17,9";"63,0";"63,0";"60,0";"10,7";"11,0";"10,5";"1020,9";"1021,0";"1020,8";"0,0";"28,0";"2,3";"54,90";"0,0"
"03/05/2026";"2200";"17,3";"18,2";"17,3";"69,0";"69,0";"63,0";"11,5";"11,7";"10,6";"1021,1";"1021,2";"1020,9";"0,7";"182,0";"1,4";"";"0,0"
"03/05/2026";"2300";"16,3";"17,3";"16,3";"73,0";"73,0";"69,0";"11,4";"11,8";"11,3";"1021,4";"1021,4";"1021,0";"0,0";"228,0";"1,7";"";"0,0"
"04/05/2026";"0000";"16,0";"16,6";"16,0";"76,0";"76,0";"73,0";"11,7";"12,0";"11,5";"1021,4";"1021,6";"1021,4";"0,1";"207,0";"1,0";"";"0,0"
"04/05/2026";"0100";"15,3";"16,0";"15,1";"79,0";"79,0";"76,0";"11,6";"11,7";"11,3";"1021,6";"1021,7";"1021,4";"0,4";"210,0";"1,7";"";"0,0"
"04/05/2026";"0200";"15,0";"15,3";"15,0";"81,0";"81,0";"79,0";"11,8";"11,8";"11,6";"1021,4";"1021,7";"1021,4";"0,8";"179,0";"1,6";"";"0,0"
"04/05/2026";"0300";"15,1";"15,1";"14,9";"82,0";"82,0";"81,0";"12,1";"12,1";"11,7";"1021,0";"1021,4";"1021,0";"0,4";"246,0";"1,6";"";"0,0"
"04/05/2026";"0400";"15,2";"15,3";"15,0";"83,0";"83,0";"82,0";"12,4";"12,4";"12,1";"1020,4";"1021,0";"1020,4";"0,2";"190,0";"1,3";"";"0,0"
"04/05/2026";"0500";"15,3";"15,4";"15,2";"84,0";"84,0";"83,0";"12,7";"12,7";"12,4";"1019,6";"1020,5";"1019,6";"0,8";"215,0";"2,8";"";"0,0"
"04/05/2026";"0600";"15,2";"15,4";"15,2";"85,0";"85,0";"84,0";"12,7";"12,9";"12,6";"1018,9";"1019,7";"1018,9";"0,3";"196,0";"2,3";"";"0,0"
"04/05/2026";"0700";"15,3";"15,4";"15,2";"85,0";"85,0";"85,0";"12,9";"12,9";"12,7";"1018,7";"1019,1";"1018,7";"1,4";"224,0";"3,4";"";"0,0"
"04/05/2026";"0800";"15,2";"15,4";"15,2";"86,0";"86,0";"85,0";"12,8";"13,0";"12,8";"1018,2";"1018,7";"1018,2";"1,1";"249,0";"3,6";"";"0,0"
"04/05/2026";"0900";"15,2";"15,3";"15,1";"86,0";"86,0";"85,0";"12,8";"12,9";"12,7";"1018,6";"1018,7";"1018,2";"1,1";"227,0";"2,5";"";"0,0"
"04/05/2026";"1000";"15,3";"15,4";"15,1";"86,0";"86,0";"85,0";"12,9";"13,0";"12,7";"1019,5";"1019,5";"1018,6";"1,7";"227,0";"3,9";"3,90";"0,0"
"04/05/2026";"1100";"15,9";"15,9";"15,3";"86,0";"86,0";"85,0";"13,5";"13,5";"13,0";"1019,9";"1020,0";"1019,5";"1,3";"241,0";"3,7";"141,20";"0,0"
"04/05/2026";"1200";"16,9";"16,9";"15,9";"84,0";"86,0";"84,0";"14,2";"14,2";"13,5";"1020,2";"1020,2";"1019,9";"1,7";"239,0";"2,5";"490,30";"0,0"
"04/05/2026";"1300";"18,9";"18,9";"16,8";"81,0";"85,0";"81,0";"15,6";"15,6";"14,0";"1020,2";"1020,3";"1020,0";"2,0";"241,0";"3,6";"1416,80";"0,0"
"04/05/2026";"1400";"20,1";"20,4";"18,7";"79,0";"81,0";"78,0";"16,3";"16,6";"15,2";"1019,8";"1020,2";"1019,6";"0,4";"278,0";"4,1";"1764,30";"0,0"
"04/05/2026";"1500";"20,9";"21,4";"20,0";"77,0";"79,0";"76,0";"16,7";"17,3";"16,1";"1019,3";"1019,8";"1019,3";"1,8";"301,0";"3,5";"1224,10";"0,0"
"04/05/2026";"1600";"21,9";"21,9";"20,6";"75,0";"78,0";"75,0";"17,3";"17,5";"16,3";"1018,1";"1019,3";"1018,1";"2,0";"3,0";"4,0";"1380,70";"0,0"
"04/05/2026";"1700";"22,3";"22,9";"21,9";"73,0";"76,0";"73,0";"17,1";"18,2";"17,0";"1017,3";"1018,1";"1017,3";"3,8";"37,0";"5,6";"1479,70";"0,0"
"04/05/2026";"1800";"22,4";"22,6";"22,0";"73,0";"74,0";"72,0";"17,3";"17,6";"16,8";"1017,0";"1017,3";"1016,7";"2,5";"13,0";"6,3";"1172,70";"0,0"
"04/05/2026";"1900";"21,7";"22,7";"21,6";"74,0";"74,0";"72,0";"16,9";"17,6";"16,7";"1016,4";"1017,1";"1016,1";"2,1";"22,0";"4,4";"870,70";"0,0"
"04/05/2026";"2000";"20,8";"21,7";"20,8";"77,0";"77,0";"74,0";"16,6";"17,0";"16,6";"1016,5";"1016,5";"1016,1";"2,5";"33,0";"4,1";"235,00";"0,0"
"04/05/2026";"2100";"20,4";"20,8";"20,4";"79,0";"79,0";"77,0";"16,6";"16,7";"16,5";"1017,1";"1017,1";"1016,5";"0,2";"62,0";"3,8";"27,50";"0,0"
"04/05/2026";"2200";"19,8";"20,4";"19,8";"82,0";"82,0";"79,0";"16,6";"16,7";"16,6";"1017,5";"1017,8";"1016,9";"0,7";"330,0";"1,9";"";"0,0"
"04/05/2026";"2300";"19,6";"19,8";"19,6";"83,0";"83,0";"82,0";"16,6";"16,6";"16,4";"1017,8";"1018,1";"1017,4";"0,6";"191,0";"1,7";"";"0,0"
"05/05/2026";"0000";"19,3";"19,6";"19,2";"84,0";"84,0";"83,0";"16,6";"16,6";"16,4";"1018,2";"1018,2";"1017,8";"0,1";"227,0";"1,6";"";"0,0"
"05/05/2026";"0100";"19,0";"19,3";"19,0";"86,0";"86,0";"84,0";"16,6";"16,7";"16,5";"1018,9";"1018,9";"1018,2";"1,2";"216,0";"2,4";"";"0,0"
"05/05/2026";"0200";"18,9";"19,0";"18,8";"87,0";"87,0";"86,0";"16,6";"16,6";"16,5";"1019,2";"1019,2";"1018,9";"0,5";"238,0";"2,5";"";"0,0"
"05/05/2026";"0300";"18,8";"18,9";"18,8";"87,0";"87,0";"87,0";"16,7";"16,7";"16,6";"1018,5";"1019,2";"1018,5";"0,0";"138,0";"1,6";"";"0,0"
"05/05/2026";"0400";"18,5";"18,8";"18,5";"88,0";"88,0";"87,0";"16,5";"16,7";"16,5";"1018,0";"1018,6";"1017,9";"1,3";"180,0";"2,7";"";"0,0"
"05/05/2026";"0500";"18,2";"18,5";"18,2";"89,0";"89,0";"88,0";"16,4";"16,5";"16,3";"1017,6";"1018,1";"1017,6";"1,4";"195,0";"3,2";"";"0,0"
"05/05/2026";"0600";"18,0";"18,2";"17,9";"89,0";"89,0";"89,0";"16,2";"16,4";"16,1";"1017,2";"1017,6";"1017,1";"0,9";"224,0";"3,3";"";"0,0"
"05/05/2026";"0700";"17,7";"18,0";"17,7";"90,0";"90,0";"89,0";"16,0";"16,3";"16,0";"1017,1";"1017,2";"1017,1";"1,5";"225,0";"3,2";"";"0,0"
"05/05/2026";"0800";"17,1";"17,7";"17,1";"91,0";"91,0";"90,0";"15,5";"15,9";"15,5";"1017,1";"1017,1";"1017,0";"1,3";"236,0";"2,9";"";"0,0"
"05/05/2026";"0900";"17,0";"17,2";"16,9";"91,0";"91,0";"91,0";"15,5";"15,6";"15,4";"1017,4";"1017,4";"1017,1";"1,4";"227,0";"3,2";"";"0,0"
"05/05/2026";"1000";"16,7";"17,0";"16,6";"91,0";"91,0";"91,0";"15,3";"15,5";"15,2";"1018,1";"1018,1";"1017,4";"0,8";"217,0";"3,0";"8,60";"0,0"
"05/05/2026";"1100";"17,5";"17,7";"16,7";"91,0";"92,0";"91,0";"16,0";"16,2";"15,3";"1018,5";"1018,6";"1018,1";"1,7";"208,0";"3,8";"354,40";"0,0"
"05/05/2026";"1200";"19,0";"19,3";"17,5";"88,0";"91,0";"88,0";"16,9";"17,5";"16,0";"1018,9";"1018,9";"1018,5";"3,4";"244,0";"6,3";"1079,50";"0,0"
"05/05/2026";"1300";"20,8";"20,8";"18,9";"85,0";"88,0";"85,0";"18,2";"18,3";"16,9";"1019,3";"1019,3";"1018,9";"2,7";"239,0";"6,3";"1627,00";"0,0"
"05/05/2026";"1400";"22,7";"22,7";"20,6";"83,0";"86,0";"82,0";"19,6";"19,6";"18,0";"1019,2";"1019,3";"1019,2";"2,4";"238,0";"4,8";"1904,10";"0,0"
"05/05/2026";"1500";"24,1";"24,3";"22,6";"77,0";"83,0";"77,0";"19,9";"20,3";"19,3";"1018,3";"1019,2";"1018,3";"3,0";"279,0";"4,8";"2355,60";"0,0"
"05/05/2026";"1600";"26,1";"26,2";"24,1";"73,0";"78,0";"72,0";"20,8";"21,0";"19,9";"1017,6";"1018,3";"1017,6";"2,2";"286,0";"5,3";"2669,80";"0,0"
"05/05/2026";"1700";"26,9";"27,0";"26,1";"70,0";"73,0";"70,0";"21,0";"21,2";"20,6";"1016,7";"1017,6";"1016,7";"2,0";"240,0";"5,0";"2413,80";"0,0"
"05/05/2026";"1800";"28,3";"28,4";"26,9";"67,0";"70,0";"66,0";"21,5";"21,7";"20,7";"1016,0";"1016,7";"1016,0";"0,9";"294,0";"4,4";"1971,20";"0,0"
"05/05/2026";"1900";"27,5";"28,7";"27,5";"67,0";"67,0";"64,0";"20,7";"21,5";"20,7";"1015,8";"1016,1";"1015,8";"2,6";"21,0";"3,8";"1373,90";"0,0"
"05/05/2026";"2000";"24,6";"27,5";"24,6";"71,0";"71,0";"67,0";"19,1";"20,7";"19,1";"1016,2";"1016,2";"1015,8";"2,7";"31,0";"4,6";"623,50";"0,0"
"05/05/2026";"2100";"22,5";"24,6";"22,5";"77,0";"77,0";"71,0";"18,3";"19,1";"18,3";"1016,9";"1016,9";"1016,2";"2,5";"149,0";"4,7";"85,10";"0,0"
"05/05/2026";"2200";"21,4";"22,5";"21,4";"80,0";"80,0";"77,0";"17,9";"18,3";"17,9";"1017,3";"1017,3";"1016,9";"1,4";"129,0";"3,9";"";"0,0"
"05/05/2026";"2300";"21,3";"21,5";"21,3";"82,0";"82,0";"80,0";"18,1";"18,3";"17,8";"1017,4";"1017,4";"1017,2";"0,5";"75,0";"2,7";"";"0,0"
"06/05/2026";"0000";"20,7";"21,5";"20,7";"84,0";"84,0";"82,0";"17,9";"18,4";"17,9";"1018,0";"1018,0";"1017,4";"0,0";"169,0";"1,7";"";"0,0"
"06/05/2026";"0100";"19,9";"20,7";"19,7";"86,0";"86,0";"84,0";"17,4";"17,8";"17,2";"1018,2";"1018,2";"1018,0";"0,1";"204,0";"1,3";"";"0,0"
"06/05/2026";"0200";"19,3";"20,0";"19,3";"87,0";"87,0";"86,0";"17,0";"17,5";"17,0";"1018,2";"1018,3";"1018,2";"0,3";"224,0";"1,7";"";"0,0"
"06/05/2026";"0300";"19,0";"19,3";"19,0";"88,0";"88,0";"87,0";"17,0";"17,2";"16,9";"1018,0";"1018,2";"1017,9";"0,4";"196,0";"1,7";"";"0,0"
"06/05/2026";"0400";"18,5";"19,0";"18,5";"88,0";"89,0";"88,0";"16,6";"17,0";"16,6";"1017,8";"1018,1";"1017,8";"0,4";"185,0";"1,5";"";"0,0"
"06/05/2026";"0500";"18,2";"18,7";"18,2";"89,0";"89,0";"88,0";"16,5";"16,8";"16,4";"1017,5";"1017,8";"1017,5";"0,2";"237,0";"1,4";"";"0,0"
"06/05/2026";"0600";"18,5";"18,5";"18,2";"90,0";"90,0";"89,0";"16,9";"16,9";"16,4";"1017,3";"1017,6";"1017,3";"0,0";"200,0";"0,9";"";"0,0"
"06/05/2026";"0700";"18,9";"19,1";"18,5";"91,0";"91,0";"90,0";"17,3";"17,5";"16,9";"1017,5";"1017,6";"1017,3";"0,9";"213,0";"2,4";"";"0,0"
"06/05/2026";"0800";"19,0";"19,1";"18,9";"91,0";"91,0";"91,0";"17,6";"17,6";"17,3";"1017,6";"1017,7";"1017,5";"0,8";"231,0";"3,1";"";"0,2"
"06/05/2026";"0900";"19,2";"19,2";"19,0";"92,0";"92,0";"91,0";"17,7";"17,8";"17,6";"1018,1";"1018,1";"1017,6";"1,2";"180,0";"2,8";"";"0,0"
"06/05/2026";"1000";"19,2";"19,2";"19,1";"92,0";"92,0";"92,0";"17,8";"17,8";"17,7";"1018,4";"1018,4";"1018,1";"0,5";"198,0";"2,1";"7,30";"0,0"
"06/05/2026";"1100";"19,4";"19,4";"19,1";"92,0";"92,0";"92,0";"18,1";"18,1";"17,8";"1019,0";"1019,0";"1018,3";"0,8";"175,0";"1,8";"133,50";"0,0"
"06/05/2026";"1200";"20,0";"20,0";"19,4";"92,0";"92,0";"92,0";"18,7";"18,7";"18,1";"1019,5";"1019,5";"1019,0";"1,2";"241,0";"3,0";"363,10";"0,0"
"06/05/2026";"1300";"20,5";"20,7";"20,0";"91,0";"93,0";"91,0";"19,0";"19,3";"18,8";"1019,7";"1019,8";"1019,4";"1,4";"221,0";"2,7";"766,20";"0,0"
"06/05/2026";"1400";"21,9";"22,2";"20,5";"89,0";"92,0";"89,0";"20,1";"20,5";"19,0";"1019,3";"1019,8";"1019,3";"0,4";"177,0";"3,1";"1642,50";"0,0"
"06/05/2026";"1500";"24,3";"24,4";"21,9";"86,0";"90,0";"86,0";"21,8";"22,0";"20,2";"1018,1";"1019,3";"1018,1";"0,5";"240,0";"2,5";"2253,30";"0,0"
"06/05/2026";"1600";"25,2";"25,5";"24,3";"83,0";"87,0";"83,0";"22,2";"22,7";"21,8";"1017,1";"1018,1";"1017,1";"2,4";"47,0";"5,0";"2326,20";"0,0"
"06/05/2026";"1700";"25,5";"25,9";"25,1";"82,0";"84,0";"81,0";"22,2";"22,7";"22,0";"1016,1";"1017,1";"1016,1";"3,2";"57,0";"4,9";"2098,20";"0,0"
"06/05/2026";"1800";"25,3";"25,8";"25,0";"82,0";"83,0";"81,0";"22,0";"22,6";"21,7";"1015,6";"1016,1";"1015,6";"3,4";"43,0";"6,1";"1850,40";"0,0"
"06/05/2026";"1900";"25,0";"25,5";"25,0";"81,0";"82,0";"81,0";"21,6";"22,2";"21,6";"1015,2";"1015,6";"1015,2";"3,3";"41,0";"5,8";"1348,70";"0,0"
"06/05/2026";"2000";"24,0";"25,0";"24,0";"83,0";"83,0";"81,0";"20,9";"21,7";"20,9";"1015,1";"1015,2";"1015,1";"2,0";"22,0";"4,7";"610,00";"0,0"
"06/05/2026";"2100";"22,5";"24,0";"22,5";"86,0";"86,0";"83,0";"20,0";"20,9";"20,0";"1015,4";"1015,4";"1015,0";"1,8";"40,0";"3,3";"69,80";"0,0"
"06/05/2026";"2200";"22,4";"22,6";"22,3";"86,0";"86,0";"86,0";"20,0";"20,1";"20,0";"1015,8";"1015,8";"1015,4";"1,6";"51,0";"3,1";"";"0,0"
"06/05/2026";"2300";"22,2";"22,4";"22,1";"87,0";"87,0";"86,0";"19,9";"20,1";"19,9";"1016,2";"1016,2";"1015,8";"1,3";"27,0";"2,7";"";"0,0"
"07/05/2026";"0000";"22,1";"22,2";"22,0";"87,0";"87,0";"87,0";"19,9";"20,0";"19,8";"1016,4";"1016,4";"1016,0";"0,9";"29,0";"2,8";"";"0,0"
"07/05/2026";"0100";"22,0";"22,1";"22,0";"88,0";"88,0";"87,0";"19,9";"19,9";"19,9";"1016,0";"1016,4";"1015,9";"1,6";"12,0";"3,5";"";"0,0"
"07/05/2026";"0200";"22,1";"22,1";"22,0";"88,0";"88,0";"88,0";"20,1";"20,1";"19,9";"1015,6";"1016,0";"1015,6";"0,7";"1,0";"3,5";"";"0,0"
"07/05/2026";"0300";"22,1";"22,2";"22,1";"89,0";"89,0";"88,0";"20,2";"20,2";"20,1";"1015,3";"1015,6";"1015,3";"1,3";"37,0";"2,6";"";"0,0"
"07/05/2026";"0400";"21,9";"22,1";"21,9";"90,0";"90,0";"89,0";"20,2";"20,2";"20,1";"1014,9";"1015,3";"1014,9";"0,6";"29,0";"2,8";"";"0,0"
"07/05/2026";"0500";"21,9";"21,9";"21,8";"90,0";"90,0";"90,0";"20,2";"20,3";"20,1";"1014,4";"1014,9";"1014,4";"0,0";"321,0";"1,2";"";"0,0"
"07/05/2026";"0600";"21,9";"21,9";"21,9";"91,0";"91,0";"90,0";"20,3";"20,4";"20,2";"1013,7";"1014,4";"1013,7";"0,0";"37,0";"0,3";"";"0,0"
"07/05/2026";"0700";"21,7";"21,9";"21,7";"91,0";"91,0";"91,0";"20,2";"20,3";"20,2";"1012,9";"1013,7";"1012,9";"0,0";"226,0";"0,0";"";"0,0"
"07/05/2026";"0800";"21,5";"21,8";"21,5";"91,0";"91,0";"91,0";"20,1";"20,3";"20,1";"1012,5";"1012,9";"1012,4";"0,0";"226,0";"0,7";"";"0,0"
"07/05/2026";"0900";"21,4";"21,5";"21,4";"92,0";"92,0";"91,0";"20,0";"20,1";"20,0";"1012,8";"1012,8";"1012,5";"0,0";"213,0";"0,7";"";"0,0"
"07/05/2026";"1000";"21,3";"21,5";"21,3";"92,0";"92,0";"92,0";"19,9";"20,1";"19,9";"1013,1";"1013,1";"1012,8";"0,0";"224,0";"1,3";"15,20";"0,0"
"07/05/2026";"1100";"21,7";"21,8";"21,2";"92,0";"92,0";"92,0";"20,4";"20,4";"19,9";"1013,2";"1013,2";"1013,0";"0,2";"240,0";"1,2";"194,60";"0,0"
"07/05/2026";"1200";"22,1";"22,2";"21,7";"91,0";"92,0";"91,0";"20,6";"20,7";"20,3";"1013,1";"1013,3";"1013,1";"0,0";"327,0";"2,6";"168,60";"0,0"
"07/05/2026";"1300";"22,6";"22,8";"22,0";"89,0";"92,0";"89,0";"20,7";"21,1";"20,5";"1012,8";"1013,1";"1012,8";"2,5";"34,0";"4,0";"657,90";"0,0"
"07/05/2026";"1400";"23,4";"23,5";"22,7";"86,0";"89,0";"86,0";"21,0";"21,1";"20,7";"1012,0";"1012,8";"1012,0";"2,3";"33,0";"4,0";"925,90";"0,0"
"07/05/2026";"1500";"24,5";"24,6";"23,4";"83,0";"86,0";"83,0";"21,3";"21,7";"20,8";"1010,6";"1012,0";"1010,6";"3,0";"31,0";"5,5";"1400,90";"0,0"
"07/05/2026";"1600";"25,3";"25,8";"24,3";"81,0";"84,0";"80,0";"21,7";"22,3";"21,2";"1009,2";"1010,6";"1009,2";"3,0";"151,0";"5,2";"2341,60";"0,0"
"07/05/2026";"1700";"25,6";"25,8";"25,1";"79,0";"81,0";"79,0";"21,7";"22,0";"21,4";"1007,6";"1009,2";"1007,6";"3,6";"50,0";"5,6";"2120,80";"0,0"
"07/05/2026";"1800";"25,2";"26,2";"24,9";"79,0";"79,0";"78,0";"21,3";"22,2";"20,9";"1007,1";"1007,7";"1007,1";"3,7";"54,0";"6,1";"1836,60";"0,0"
"07/05/2026";"1900";"24,6";"25,3";"24,5";"79,0";"79,0";"78,0";"20,7";"21,3";"20,6";"1006,9";"1007,1";"1006,9";"3,4";"65,0";"6,1";"1126,70";"0,0"
"07/05/2026";"2000";"23,4";"24,6";"23,4";"81,0";"81,0";"79,0";"20,0";"20,7";"20,0";"1006,7";"1006,9";"1006,6";"3,4";"54,0";"6,9";"445,00";"0,0"
"07/05/2026";"2100";"22,7";"23,4";"22,7";"83,0";"83,0";"81,0";"19,7";"20,0";"19,7";"1007,1";"1007,1";"1006,6";"1,7";"54,0";"5,3";"34,50";"0,0"
"07/05/2026";"2200";"22,7";"22,8";"22,6";"85,0";"85,0";"83,0";"20,0";"20,0";"19,7";"1007,7";"1007,7";"1007,1";"1,6";"37,0";"3,3";"";"0,0"
"07/05/2026";"2300";"22,8";"22,9";"22,7";"85,0";"85,0";"84,0";"20,2";"20,2";"20,0";"1007,8";"1007,9";"1007,7";"1,6";"24,0";"2,7";"";"0,0"
"08/05/2026";"0000";"22,4";"22,8";"22,4";"86,0";"86,0";"85,0";"20,0";"20,2";"20,0";"1007,9";"1008,0";"1007,7";"0,0";"17,0";"2,8";"";"0,0"
"08/05/2026";"0100";"22,4";"22,5";"22,3";"87,0";"87,0";"86,0";"20,2";"20,2";"19,9";"1007,5";"1008,0";"1007,5";"0,8";"46,0";"1,7";"";"0,0"
"08/05/2026";"0200";"22,0";"22,4";"22,0";"88,0";"88,0";"87,0";"19,9";"20,2";"19,9";"1007,7";"1007,7";"1007,5";"0,3";"314,0";"1,6";"";"0,0"
"08/05/2026";"0300";"21,5";"22,1";"21,5";"89,0";"89,0";"88,0";"19,6";"20,0";"19,6";"1007,4";"1007,7";"1007,4";"0,5";"231,0";"1,4";"";"0,0"
"08/05/2026";"0400";"20,8";"21,5";"20,7";"90,0";"90,0";"89,0";"19,1";"19,6";"19,0";"1006,8";"1007,4";"1006,6";"0,0";"280,0";"1,3";"";"0,0"
"08/05/2026";"0500";"20,9";"21,0";"20,7";"90,0";"91,0";"90,0";"19,2";"19,4";"19,0";"1006,6";"1006,8";"1006,5";"0,0";"198,0";"0,8";"";"0,0"
"08/05/2026";"0600";"21,0";"21,1";"20,6";"91,0";"91,0";"90,0";"19,4";"19,5";"19,0";"1006,1";"1006,7";"1006,1";"1,4";"189,0";"2,6";"";"0,0"
"08/05/2026";"0700";"20,2";"21,0";"20,2";"91,0";"91,0";"90,0";"18,7";"19,4";"18,7";"1005,1";"1006,1";"1005,1";"0,0";"36,0";"2,5";"";"0,0"
"08/05/2026";"0800";"20,1";"20,3";"19,8";"92,0";"92,0";"91,0";"18,7";"18,9";"18,4";"1004,4";"1005,1";"1004,0";"0,0";"303,0";"2,9";"";"0,0"
"08/05/2026";"0900";"20,5";"20,5";"19,8";"92,0";"92,0";"92,0";"19,2";"19,2";"18,4";"1005,7";"1005,8";"1004,4";"0,3";"188,0";"3,5";"";"0,0"
"08/05/2026";"1000";"20,9";"21,0";"20,5";"92,0";"92,0";"92,0";"19,6";"19,7";"19,2";"1007,2";"1007,2";"1005,7";"1,1";"233,0";"4,6";"0,10";"0,0"
"08/05/2026";"1100";"21,1";"21,1";"20,9";"92,0";"92,0";"92,0";"19,8";"19,8";"19,5";"1007,2";"1007,6";"1006,8";"1,3";"162,0";"3,6";"79,80";"0,0"
"08/05/2026";"1200";"20,4";"21,5";"20,3";"86,0";"92,0";"86,0";"18,0";"20,1";"18,0";"1007,2";"1007,5";"1007,2";"3,2";"292,0";"7,4";"170,40";"0,0"
"08/05/2026";"1300";"22,1";"22,6";"20,4";"87,0";"88,0";"82,0";"19,8";"20,1";"18,0";"1007,4";"1007,9";"1006,7";"1,1";"176,0";"8,2";"80,00";"0,6"
"08/05/2026";"1400";"21,1";"22,1";"21,1";"89,0";"89,0";"87,0";"19,3";"19,9";"19,2";"1007,0";"1007,4";"1006,8";"0,7";"290,0";"2,7";"155,80";"1,6"
"08/05/2026";"1500";"22,1";"22,1";"21,1";"90,0";"90,0";"89,0";"20,3";"20,3";"19,3";"1006,2";"1007,2";"1006,1";"1,2";"177,0";"2,6";"413,50";"0,0"
"08/05/2026";"1600";"21,6";"22,2";"21,6";"89,0";"90,0";"89,0";"19,7";"20,4";"19,7";"1006,9";"1007,2";"1006,2";"0,9";"283,0";"3,9";"339,30";"0,0"
"08/05/2026";"1700";"22,1";"22,3";"21,5";"88,0";"89,0";"88,0";"20,0";"20,3";"19,5";"1005,9";"1006,9";"1005,9";"1,4";"13,0";"2,5";"296,60";"0,0"
"08/05/2026";"1800";"21,7";"22,2";"21,7";"88,0";"89,0";"88,0";"19,7";"20,2";"19,7";"1007,1";"1007,4";"1005,9";"0,5";"272,0";"2,6";"225,60";"0,2"
"08/05/2026";"1900";"21,0";"21,9";"21,0";"89,0";"89,0";"88,0";"19,1";"19,9";"19,1";"1006,5";"1007,1";"1006,1";"1,2";"23,0";"3,1";"102,30";"0,8"
"08/05/2026";"2000";"20,9";"21,1";"20,8";"89,0";"89,0";"89,0";"19,1";"19,3";"18,9";"1006,3";"1006,6";"1006,0";"0,4";"197,0";"3,1";"144,60";"0,2"
"08/05/2026";"2100";"20,4";"20,9";"20,4";"90,0";"90,0";"89,0";"18,7";"19,1";"18,7";"1006,7";"1006,8";"1006,2";"1,0";"191,0";"2,1";"19,50";"0,0"
"08/05/2026";"2200";"20,2";"20,4";"20,2";"91,0";"91,0";"90,0";"18,6";"18,7";"18,6";"1007,3";"1007,3";"1006,7";"0,4";"245,0";"2,1";"";"0,0"
"08/05/2026";"2300";"19,6";"20,2";"19,6";"91,0";"91,0";"91,0";"18,1";"18,6";"18,1";"1007,4";"1007,7";"1007,2";"0,0";"245,0";"1,3";"";"0,0"
"09/05/2026";"0000";"19,4";"19,8";"19,3";"92,0";"92,0";"91,0";"17,9";"18,3";"17,9";"1007,4";"1007,5";"1007,3";"0,0";"223,0";"1,6";"";"0,0"
"09/05/2026";"0100";"19,3";"19,5";"19,2";"92,0";"92,0";"92,0";"18,0";"18,1";"17,9";"1008,7";"1008,7";"1007,4";"1,8";"222,0";"3,8";"";"0,0"
"09/05/2026";"0200";"18,6";"19,6";"18,6";"91,0";"92,0";"91,0";"17,1";"18,3";"17,1";"1009,5";"1009,5";"1008,8";"3,3";"250,0";"6,1";"";"3,8"
"09/05/2026";"0300";"16,2";"18,6";"16,2";"92,0";"92,0";"91,0";"14,9";"17,1";"14,9";"1010,0";"1010,1";"1009,5";"4,6";"251,0";"7,9";"1,70";"7,8"
"09/05/2026";"0400";"14,6";"16,2";"14,6";"92,0";"93,0";"92,0";"13,4";"14,9";"13,4";"1010,9";"1010,9";"1010,0";"3,6";"253,0";"8,1";"0,10";"8,4"
"09/05/2026";"0500";"13,8";"14,6";"13,7";"93,0";"93,0";"92,0";"12,7";"13,3";"12,6";"1010,5";"1011,0";"1010,3";"2,1";"250,0";"6,2";"";"0,6"
"09/05/2026";"0600";"13,5";"13,9";"13,5";"92,0";"93,0";"92,0";"12,2";"12,8";"12,2";"1010,8";"1010,9";"1010,5";"2,4";"242,0";"4,8";"3,20";"0,0"
"09/05/2026";"0700";"13,8";"13,8";"13,5";"92,0";"92,0";"92,0";"12,5";"12,5";"12,2";"1010,7";"1010,9";"1010,3";"2,6";"242,0";"4,7";"";"0,2"
"09/05/2026";"0800";"13,8";"13,9";"13,7";"90,0";"92,0";"90,0";"12,3";"12,6";"12,2";"1010,7";"1010,9";"1010,6";"2,1";"239,0";"6,6";"0,20";"0,0"
"09/05/2026";"0900";"14,1";"14,2";"13,8";"90,0";"91,0";"90,0";"12,5";"12,5";"12,3";"1011,6";"1011,6";"1010,7";"0,3";"230,0";"4,2";"";"0,0"
"09/05/2026";"1000";"14,3";"14,4";"14,1";"89,0";"90,0";"89,0";"12,6";"12,7";"12,4";"1013,1";"1013,1";"1011,6";"1,1";"251,0";"4,6";"";"0,0"
"09/05/2026";"1100";"14,4";"14,5";"14,2";"90,0";"90,0";"89,0";"12,8";"12,8";"12,5";"1014,1";"1014,3";"1013,1";"0,8";"178,0";"2,4";"23,40";"1,2"
"09/05/2026";"1200";"14,9";"14,9";"14,3";"90,0";"91,0";"90,0";"13,3";"13,4";"12,8";"1014,3";"1014,4";"1013,8";"0,7";"281,0";"1,9";"234,00";"0,2"
"09/05/2026";"1300";"15,5";"15,6";"14,7";"89,0";"90,0";"89,0";"13,8";"13,8";"13,1";"1014,5";"1014,7";"1014,1";"1,4";"233,0";"2,8";"505,50";"0,0"
"09/05/2026";"1400";"15,3";"15,7";"15,1";"89,0";"89,0";"88,0";"13,5";"13,9";"13,1";"1015,2";"1016,4";"1014,3";"2,0";"232,0";"6,3";"311,00";"1,6"
"09/05/2026";"1500";"14,5";"15,3";"14,3";"91,0";"91,0";"89,0";"13,0";"13,7";"12,6";"1015,3";"1016,0";"1015,1";"1,9";"242,0";"6,2";"326,20";"3,4"
"09/05/2026";"1600";"15,0";"15,0";"14,4";"91,0";"91,0";"90,0";"13,6";"13,6";"12,9";"1014,0";"1015,3";"1014,0";"1,5";"238,0";"4,3";"285,30";"1,6"
"09/05/2026";"1700";"13,9";"15,0";"13,8";"91,0";"92,0";"90,0";"12,5";"13,4";"12,3";"1014,6";"1014,9";"1013,8";"3,7";"238,0";"8,3";"249,40";"3,4"
"09/05/2026";"1800";"13,1";"13,9";"13,1";"91,0";"92,0";"91,0";"11,7";"12,4";"11,7";"1015,5";"1016,5";"1014,6";"3,1";"229,0";"7,1";"149,20";"2,0"
"09/05/2026";"1900";"12,6";"13,1";"12,6";"92,0";"92,0";"91,0";"11,3";"11,7";"11,3";"1016,5";"1016,5";"1015,0";"4,0";"245,0";"7,0";"158,40";"1,8"
"09/05/2026";"2000";"12,5";"12,6";"12,4";"92,0";"92,0";"91,0";"11,2";"11,3";"11,1";"1016,5";"1016,9";"1016,1";"0,5";"197,0";"7,0";"48,90";"4,2"
"09/05/2026";"2100";"12,1";"12,5";"12,1";"92,0";"92,0";"92,0";"10,9";"11,3";"10,9";"1017,4";"1017,5";"1016,4";"2,1";"247,0";"4,1";"7,30";"0,8"
"09/05/2026";"2200";"11,8";"12,1";"11,8";"92,0";"92,0";"92,0";"10,6";"10,9";"10,5";"1017,0";"1018,4";"1016,9";"0,7";"224,0";"4,1";"";"1,2"
"09/05/2026";"2300";"11,4";"12,0";"11,4";"92,0";"93,0";"92,0";"10,2";"10,8";"10,2";"1018,6";"1019,2";"1017,0";"0,9";"230,0";"6,2";"";"1,2"
"10/05/2026";"0000";"11,6";"11,7";"11,5";"93,0";"93,0";"92,0";"10,5";"10,5";"10,3";"1018,6";"1018,9";"1018,2";"0,6";"236,0";"3,3";"";"0,2"
"10/05/2026";"0100";"11,6";"11,8";"11,5";"92,0";"93,0";"92,0";"10,4";"10,6";"10,3";"1019,0";"1019,5";"1018,6";"2,1";"247,0";"4,2";"";"0,8"
"10/05/2026";"0200";"11,5";"11,6";"11,5";"93,0";"93,0";"92,0";"10,3";"10,5";"10,3";"1018,8";"1019,6";"1018,8";"1,0";"241,0";"4,7";"";"3,2"
"10/05/2026";"0300";"11,2";"11,5";"11,2";"92,0";"93,0";"92,0";"10,0";"10,3";"10,0";"1019,2";"1019,4";"1018,7";"2,1";"269,0";"3,4";"";"1,6"
"10/05/2026";"0400";"11,1";"11,3";"11,1";"91,0";"92,0";"91,0";"9,8";"10,1";"9,8";"1018,4";"1019,2";"1018,3";"1,2";"269,0";"4,1";"";"0,0"
"10/05/2026";"0500";"11,2";"11,2";"11,1";"92,0";"92,0";"91,0";"9,8";"9,8";"9,7";"1018,7";"1018,7";"1018,3";"0,5";"221,0";"3,3";"0,70";"0,0"
"10/05/2026";"0600";"11,3";"11,4";"11,2";"92,0";"92,0";"91,0";"10,1";"10,1";"9,8";"1018,2";"1018,7";"1018,1";"1,0";"238,0";"2,6";"";"0,0"
"10/05/2026";"0700";"11,1";"11,3";"11,1";"92,0";"92,0";"92,0";"9,8";"10,1";"9,8";"1017,7";"1018,4";"1017,7";"1,7";"227,0";"4,0";"";"0,0"
"10/05/2026";"0800";"10,9";"11,2";"10,9";"91,0";"92,0";"91,0";"9,5";"9,8";"9,5";"1018,3";"1018,3";"1017,6";"1,7";"221,0";"4,4";"";"0,0"
"10/05/2026";"0900";"10,7";"11,0";"10,7";"91,0";"91,0";"91,0";"9,2";"9,6";"9,2";"1018,9";"1018,9";"1017,8";"1,9";"238,0";"3,7";"";"0,0"
"10/05/2026";"1000";"10,4";"10,7";"10,3";"90,0";"91,0";"90,0";"8,8";"9,2";"8,8";"1019,7";"1019,7";"1018,8";"1,2";"183,0";"3,7";"";"0,0"
"10/05/2026";"1100";"10,3";"10,4";"10,2";"90,0";"90,0";"90,0";"8,7";"8,9";"8,6";"1020,5";"1020,5";"1019,7";"1,9";"227,0";"4,0";"130,20";"0,0"
"10/05/2026";"1200";"11,0";"11,0";"10,3";"88,0";"90,0";"88,0";"9,1";"9,2";"8,7";"1020,7";"1020,8";"1020,4";"1,6";"219,0";"4,3";"458,50";"0,0"
"10/05/2026";"1300";"12,7";"12,9";"11,0";"83,0";"89,0";"83,0";"10,0";"10,4";"9,2";"1020,6";"1020,9";"1020,5";"3,0";"240,0";"5,5";"1352,80";"0,0"
"10/05/2026";"1400";"14,5";"14,7";"12,7";"78,0";"84,0";"78,0";"10,8";"11,4";"9,9";"1020,2";"1020,6";"1020,2";"3,0";"250,0";"5,8";"1783,30";"0,0"
"10/05/2026";"1500";"15,5";"15,9";"14,2";"74,0";"79,0";"74,0";"10,8";"11,5";"10,3";"1019,2";"1020,2";"1019,2";"4,6";"269,0";"8,5";"2293,70";"0,0"
"10/05/2026";"1600";"16,5";"16,6";"15,4";"70,0";"74,0";"70,0";"11,0";"11,6";"10,7";"1018,3";"1019,2";"1018,3";"4,7";"268,0";"8,5";"2681,10";"0,0"
"10/05/2026";"1700";"17,2";"17,8";"16,4";"67,0";"71,0";"66,0";"11,0";"11,8";"10,8";"1017,6";"1018,3";"1017,6";"3,9";"282,0";"8,9";"2482,50";"0,0"
"10/05/2026";"1800";"18,1";"18,1";"17,2";"65,0";"67,0";"64,0";"11,3";"11,4";"10,8";"1017,3";"1017,7";"1017,3";"2,6";"249,0";"7,1";"2070,40";"0,0"
"10/05/2026";"1900";"17,2";"18,1";"17,1";"61,0";"65,0";"61,0";"9,6";"11,1";"9,5";"1017,2";"1017,4";"1017,0";"4,5";"286,0";"7,8";"1443,60";"0,0"
"10/05/2026";"2000";"16,2";"17,2";"16,2";"60,0";"61,0";"59,0";"8,4";"9,6";"8,4";"1017,6";"1017,6";"1017,0";"3,4";"272,0";"7,8";"675,20";"0,0"
"10/05/2026";"2100";"14,5";"16,2";"14,5";"61,0";"61,0";"60,0";"7,2";"8,4";"7,2";"1018,1";"1018,2";"1017,6";"2,9";"266,0";"6,7";"72,30";"0,0"
"10/05/2026";"2200";"12,7";"14,5";"12,7";"66,0";"66,0";"61,0";"6,5";"7,2";"6,5";"1018,8";"1018,8";"1018,1";"1,2";"210,0";"6,0";"";"0,0"
"10/05/2026";"2300";"10,6";"12,7";"10,6";"74,0";"74,0";"66,0";"6,1";"6,6";"6,0";"1019,4";"1019,4";"1018,7";"1,7";"229,0";"3,1";"";"0,0"
"11/05/2026";"0000";"10,4";"10,7";"10,4";"76,0";"76,0";"74,0";"6,3";"6,5";"6,1";"1019,7";"1019,8";"1019,3";"1,9";"247,0";"4,0";"";"0,0"
"11/05/2026";"0100";"9,5";"10,4";"9,5";"78,0";"78,0";"76,0";"5,9";"6,4";"5,8";"1020,2";"1020,3";"1019,7";"1,2";"221,0";"2,8";"";"0,0"
"11/05/2026";"0200";"9,3";"9,9";"9,3";"79,0";"79,0";"78,0";"5,9";"6,3";"5,8";"1020,4";"1020,4";"1020,1";"1,6";"218,0";"3,7";"";"0,0"
"11/05/2026";"0300";"9,6";"9,8";"9,3";"78,0";"80,0";"78,0";"6,0";"6,3";"5,9";"1020,3";"1020,4";"1020,1";"0,4";"195,0";"4,1";"";"0,0"
"11/05/2026";"0400";"8,3";"9,6";"8,3";"80,0";"80,0";"78,0";"5,1";"6,0";"5,1";"1020,2";"1020,4";"1020,2";"0,1";"229,0";"2,8";"";"0,0"
"11/05/2026";"0500";"8,0";"8,7";"8,0";"81,0";"81,0";"80,0";"4,9";"5,4";"4,9";"1019,6";"1020,2";"1019,6";"1,1";"220,0";"2,3";"";"0,0"
"11/05/2026";"0600";"7,2";"8,3";"7,2";"82,0";"82,0";"81,0";"4,3";"5,2";"4,3";"1019,6";"1019,7";"1019,5";"1,2";"268,0";"2,6";"";"0,0"
"11/05/2026";"0700";"7,4";"7,6";"7,2";"82,0";"82,0";"82,0";"4,4";"4,7";"4,4";"1019,3";"1019,6";"1019,3";"1,2";"243,0";"3,6";"";"0,0"
"11/05/2026";"0800";"7,0";"7,4";"7,0";"82,0";"82,0";"82,0";"4,2";"4,4";"4,2";"1019,5";"1019,5";"1019,2";"1,6";"238,0";"3,0";"";"0,0"
"11/05/2026";"0900";"7,0";"7,2";"6,9";"82,0";"82,0";"82,0";"4,1";"4,3";"4,0";"1019,9";"1020,0";"1019,5";"1,1";"241,0";"3,1";"";"0,0"
"11/05/2026";"1000";"6,1";"7,0";"6,1";"83,0";"83,0";"82,0";"3,5";"4,1";"3,4";"1020,3";"1020,4";"1019,9";"0,9";"239,0";"2,1";"4,30";"0,0"
"11/05/2026";"1100";"8,2";"8,2";"6,1";"83,0";"84,0";"83,0";"5,5";"5,5";"3,5";"1020,6";"1020,6";"1020,2";"2,7";"228,0";"5,0";"416,90";"0,0"
"11/05/2026";"1200";"10,7";"10,7";"8,2";"79,0";"83,0";"78,0";"7,2";"7,2";"5,6";"1021,4";"1021,4";"1020,6";"2,7";"235,0";"5,7";"1120,00";"0,0"
"11/05/2026";"1300";"12,9";"12,9";"10,6";"75,0";"79,0";"75,0";"8,6";"8,7";"7,0";"1021,3";"1021,5";"1021,3";"2,1";"224,0";"5,7";"1820,40";"0,0"
"11/05/2026";"1400";"14,4";"14,5";"12,7";"67,0";"75,0";"67,0";"8,4";"8,9";"8,0";"1020,9";"1021,3";"1020,9";"3,5";"253,0";"7,1";"2335,90";"0,0"
"11/05/2026";"1500";"15,9";"15,9";"14,3";"64,0";"69,0";"63,0";"9,0";"9,4";"8,2";"1019,9";"1020,9";"1019,9";"3,1";"259,0";"6,5";"2648,80";"0,0"
"11/05/2026";"1600";"17,2";"17,2";"15,6";"58,0";"64,0";"58,0";"9,0";"9,3";"8,5";"1018,7";"1019,9";"1018,7";"2,6";"265,0";"6,5";"2706,40";"0,0"
"11/05/2026";"1700";"18,3";"18,3";"17,0";"54,0";"59,0";"54,0";"8,9";"9,2";"8,2";"1017,8";"1018,7";"1017,8";"3,0";"284,0";"6,5";"2494,30";"0,0"
"11/05/2026";"1800";"18,7";"18,9";"17,9";"51,0";"54,0";"51,0";"8,3";"8,9";"8,0";"1017,4";"1017,8";"1017,4";"2,3";"262,0";"6,3";"2056,90";"0,0"
"11/05/2026";"1900";"19,0";"19,3";"18,7";"47,0";"51,0";"47,0";"7,5";"8,6";"7,5";"1017,4";"1017,4";"1017,3";"3,2";"280,0";"5,8";"1435,80";"0,0"
"11/05/2026";"2000";"18,2";"19,1";"18,2";"48,0";"48,0";"47,0";"7,0";"7,8";"7,0";"1017,8";"1017,8";"1017,4";"1,8";"273,0";"5,0";"663,80";"0,0"
"11/05/2026";"2100";"15,3";"18,2";"15,3";"55,0";"55,0";"48,0";"6,3";"7,0";"5,7";"1018,3";"1018,3";"1017,8";"1,2";"170,0";"3,6";"64,90";"0,0"
"11/05/2026";"2200";"12,1";"15,3";"12,1";"66,0";"66,0";"55,0";"5,9";"6,4";"5,8";"1019,0";"1019,0";"1018,3";"1,1";"215,0";"2,6";"";"0,0"
"11/05/2026";"2300";"11,0";"12,1";"11,0";"72,0";"72,0";"66,0";"6,1";"6,3";"5,8";"1019,7";"1019,7";"1019,0";"1,0";"227,0";"2,2";"";"0,0"
"12/05/2026";"0000";"10,1";"11,0";"10,0";"76,0";"76,0";"72,0";"6,0";"6,3";"5,9";"1020,2";"1020,2";"1019,7";"0,8";"193,0";"2,2";"";"0,0"
"12/05/2026";"0100";"9,5";"10,3";"9,5";"78,0";"78,0";"76,0";"6,0";"6,4";"5,9";"1020,4";"1020,5";"1020,2";"1,1";"208,0";"2,2";"";"0,0"
"12/05/2026";"0200";"9,1";"9,5";"8,8";"81,0";"81,0";"78,0";"6,0";"6,3";"5,6";"1020,5";"1020,6";"1020,4";"2,2";"168,0";"3,2";"";"0,0"
"12/05/2026";"0300";"8,8";"9,1";"8,7";"83,0";"83,0";"81,0";"6,0";"6,0";"5,8";"1020,7";"1020,7";"1020,5";"0,9";"189,0";"3,2";"";"0,0"
"12/05/2026";"0400";"8,5";"9,0";"8,2";"84,0";"84,0";"82,0";"5,9";"6,2";"5,4";"1020,7";"1020,8";"1020,6";"1,2";"215,0";"3,5";"";"0,0"
"12/05/2026";"0500";"7,6";"8,5";"7,5";"85,0";"85,0";"84,0";"5,3";"5,9";"5,2";"1020,4";"1020,7";"1020,4";"1,3";"213,0";"3,5";"";"0,0"
"12/05/2026";"0600";"7,6";"7,8";"7,5";"86,0";"86,0";"85,0";"5,4";"5,5";"5,2";"1020,3";"1020,4";"1020,2";"1,9";"217,0";"5,0";"";"0,0"
"12/05/2026";"0700";"7,5";"7,6";"7,2";"87,0";"87,0";"86,0";"5,5";"5,5";"5,1";"1020,2";"1020,4";"1020,1";"2,1";"219,0";"3,9";"";"0,0"
"12/05/2026";"0800";"7,3";"7,5";"7,2";"87,0";"87,0";"87,0";"5,3";"5,5";"5,2";"1020,2";"1020,3";"1020,1";"1,8";"217,0";"4,0";"";"0,0"
"12/05/2026";"0900";"7,0";"7,3";"7,0";"88,0";"88,0";"87,0";"5,1";"5,3";"5,0";"1020,3";"1020,3";"1020,1";"1,9";"200,0";"4,3";"";"0,0"
"12/05/2026";"1000";"6,7";"7,0";"6,7";"88,0";"88,0";"88,0";"4,9";"5,1";"4,8";"1020,7";"1020,7";"1020,3";"1,8";"222,0";"4,0";"5,20";"0,0"
"12/05/2026";"1100";"8,3";"8,3";"6,5";"87,0";"88,0";"87,0";"6,4";"6,4";"4,6";"1021,0";"1021,0";"1020,7";"2,7";"226,0";"6,3";"369,20";"0,2"
"12/05/2026";"1200";"10,7";"10,8";"8,3";"85,0";"87,0";"85,0";"8,3";"8,5";"6,4";"1021,4";"1021,4";"1021,0";"2,1";"231,0";"6,3";"1090,60";"0,0"
"12/05/2026";"1300";"12,9";"12,9";"10,5";"82,0";"85,0";"82,0";"9,9";"10,0";"8,0";"1021,1";"1021,6";"1021,1";"2,0";"229,0";"5,4";"1767,50";"0,0"
"12/05/2026";"1400";"15,4";"15,7";"12,9";"74,0";"82,0";"74,0";"10,9";"11,4";"9,8";"1020,3";"1021,1";"1020,3";"2,0";"234,0";"4,6";"2289,90";"0,0"
"12/05/2026";"1500";"18,0";"18,0";"15,5";"68,0";"75,0";"68,0";"11,9";"12,0";"11,0";"1019,1";"1020,3";"1019,1";"2,4";"238,0";"4,6";"2595,90";"0,0"
"12/05/2026";"1600";"19,5";"19,5";"17,9";"60,0";"68,0";"59,0";"11,4";"12,2";"11,2";"1017,8";"1019,1";"1017,8";"1,7";"297,0";"5,0";"2660,40";"0,0"
"12/05/2026";"1700";"20,5";"20,9";"19,5";"55,0";"60,0";"55,0";"11,3";"12,2";"11,3";"1016,9";"1017,8";"1016,9";"1,8";"319,0";"5,5";"2467,50";"0,0"
"12/05/2026";"1800";"21,4";"21,7";"20,5";"52,0";"56,0";"52,0";"11,2";"12,1";"11,1";"1016,2";"1016,9";"1016,2";"2,1";"295,0";"4,7";"2033,90";"0,0"
"12/05/2026";"1900";"20,4";"22,1";"20,3";"56,0";"56,0";"51,0";"11,4";"11,7";"10,9";"1015,5";"1016,2";"1015,5";"3,1";"18,0";"6,6";"1406,40";"0,0"
"12/05/2026";"2000";"19,0";"20,4";"19,0";"61,0";"61,0";"56,0";"11,4";"11,7";"11,2";"1015,4";"1015,6";"1015,4";"2,2";"29,0";"4,9";"638,60";"0,0"
"12/05/2026";"2100";"16,2";"18,9";"16,2";"68,0";"68,0";"61,0";"10,2";"11,3";"10,2";"1015,5";"1015,6";"1015,4";"0,0";"327,0";"3,9";"58,70";"0,0"
"12/05/2026";"2200";"15,0";"16,2";"15,0";"73,0";"73,0";"68,0";"10,1";"10,3";"10,1";"1016,2";"1016,2";"1015,6";"0,0";"115,0";"0,0";"";"0,0"
"12/05/2026";"2300";"13,1";"15,0";"13,1";"77,0";"77,0";"73,0";"9,2";"10,2";"9,1";"1016,6";"1016,6";"1016,2";"0,0";"185,0";"1,0";"";"0,0"
"13/05/2026";"0000";"12,2";"13,1";"12,2";"81,0";"81,0";"77,0";"9,0";"9,3";"8,8";"1016,9";"1016,9";"1016,6";"1,0";"220,0";"2,0";"";"0,0"
"13/05/2026";"0100";"11,8";"12,2";"11,6";"83,0";"83,0";"81,0";"9,0";"9,0";"8,6";"1016,9";"1016,9";"1016,8";"1,5";"190,0";"3,6";"";"0,0"
"13/05/2026";"0200";"11,7";"11,9";"11,6";"84,0";"84,0";"83,0";"9,1";"9,2";"8,9";"1016,6";"1016,9";"1016,6";"1,5";"212,0";"3,4";"";"0,0"
"13/05/2026";"0300";"10,9";"11,7";"10,9";"85,0";"85,0";"84,0";"8,5";"9,1";"8,5";"1016,6";"1017,0";"1016,5";"1,7";"229,0";"4,0";"";"0,0"
"13/05/2026";"0400";"11,1";"11,2";"10,7";"86,0";"86,0";"85,0";"8,8";"8,9";"8,4";"1016,2";"1016,6";"1016,2";"2,9";"224,0";"5,7";"";"0,0"
"13/05/2026";"0500";"10,2";"11,1";"10,2";"86,0";"87,0";"85,0";"8,0";"8,7";"8,0";"1015,7";"1016,2";"1015,7";"1,8";"199,0";"5,7";"";"0,0"
"13/05/2026";"0600";"9,9";"10,2";"9,8";"87,0";"87,0";"86,0";"7,9";"8,0";"7,7";"1015,6";"1015,8";"1015,5";"1,9";"212,0";"3,7";"";"0,0"
"13/05/2026";"0700";"9,6";"10,0";"9,6";"88,0";"88,0";"87,0";"7,6";"8,0";"7,6";"1015,5";"1015,8";"1015,5";"1,6";"186,0";"3,9";"";"0,0"
"13/05/2026";"0800";"9,0";"9,6";"9,0";"88,0";"88,0";"87,0";"7,2";"7,7";"7,1";"1015,2";"1015,5";"1015,0";"2,8";"225,0";"5,7";"";"0,0"
"13/05/2026";"0900";"8,9";"9,4";"8,9";"88,0";"89,0";"88,0";"7,1";"7,5";"7,0";"1015,9";"1015,9";"1015,2";"2,0";"180,0";"5,7";"";"0,0"
"13/05/2026";"1000";"9,2";"9,2";"8,6";"89,0";"89,0";"88,0";"7,5";"7,5";"6,8";"1016,6";"1016,6";"1015,8";"2,7";"194,0";"5,3";"3,90";"0,0"
"13/05/2026";"1100";"10,0";"10,0";"9,2";"88,0";"89,0";"88,0";"8,2";"8,2";"7,5";"1017,3";"1017,3";"1016,6";"3,1";"226,0";"5,7";"359,30";"0,0"
"13/05/2026";"1200";"11,7";"11,7";"10,0";"87,0";"88,0";"87,0";"9,6";"9,6";"8,2";"1017,6";"1017,7";"1017,2";"1,7";"223,0";"5,7";"865,20";"0,0"
"13/05/2026";"1300";"15,0";"15,0";"11,7";"81,0";"87,0";"81,0";"11,7";"11,8";"9,6";"1018,3";"1018,3";"1017,6";"3,3";"244,0";"7,1";"1572,50";"0,0"
"13/05/2026";"1400";"17,3";"17,5";"15,0";"75,0";"81,0";"75,0";"12,8";"13,2";"11,5";"1017,4";"1018,3";"1017,4";"2,7";"234,0";"7,1";"2070,20";"0,0"
"13/05/2026";"1500";"19,2";"19,5";"17,3";"69,0";"75,0";"68,0";"13,3";"13,9";"12,7";"1016,5";"1017,4";"1016,5";"3,4";"233,0";"7,2";"2250,80";"0,0"
"13/05/2026";"1600";"20,8";"20,8";"19,2";"64,0";"69,0";"64,0";"13,8";"14,2";"13,2";"1015,2";"1016,5";"1015,2";"1,8";"271,0";"7,2";"2343,20";"0,0"
"13/05/2026";"1700";"22,1";"22,2";"20,8";"57,0";"65,0";"57,0";"13,3";"14,2";"13,0";"1014,6";"1015,2";"1014,5";"1,9";"261,0";"3,8";"2184,30";"0,0"
"13/05/2026";"1800";"23,5";"23,8";"22,1";"51,0";"57,0";"50,0";"12,8";"13,7";"12,2";"1014,2";"1014,5";"1014,2";"0,3";"206,0";"3,3";"1696,20";"0,0"
"13/05/2026";"1900";"23,2";"23,7";"22,5";"49,0";"51,0";"49,0";"11,9";"13,0";"11,4";"1014,3";"1014,3";"1014,0";"0,0";"279,0";"2,2";"997,20";"0,0"
"13/05/2026";"2000";"20,4";"23,6";"20,4";"53,0";"53,0";"48,0";"10,5";"12,6";"10,1";"1014,5";"1014,6";"1014,3";"3,2";"113,0";"5,3";"475,60";"0,0"
"13/05/2026";"2100";"17,1";"20,4";"17,1";"62,0";"62,0";"53,0";"9,8";"10,7";"9,7";"1015,4";"1015,4";"1014,5";"1,0";"352,0";"5,3";"47,60";"0,0"
"13/05/2026";"2200";"15,1";"17,1";"15,1";"68,0";"68,0";"62,0";"9,4";"9,9";"9,3";"1016,1";"1016,1";"1015,4";"0,5";"42,0";"2,2";"";"0,0"
"13/05/2026";"2300";"13,7";"15,2";"13,7";"74,0";"74,0";"68,0";"9,1";"9,5";"8,9";"1016,8";"1016,8";"1016,1";"0,9";"221,0";"2,4";"";"0,0"
"14/05/2026";"0000";"12,7";"13,7";"12,7";"77,0";"77,0";"74,0";"8,8";"9,3";"8,8";"1017,5";"1017,5";"1016,8";"0,5";"187,0";"2,4";"";"0,0"
"14/05/2026";"0100";"11,6";"12,7";"11,6";"80,0";"80,0";"77,0";"8,3";"8,9";"8,2";"1017,5";"1017,7";"1017,5";"0,7";"205,0";"1,7";"";"0,0"
"14/05/2026";"0200";"11,4";"11,6";"11,1";"82,0";"83,0";"80,0";"8,5";"8,5";"8,0";"1017,7";"1017,7";"1017,3";"0,8";"208,0";"2,2";"";"0,0"
"14/05/2026";"0300";"11,3";"11,5";"11,2";"84,0";"84,0";"82,0";"8,7";"8,8";"8,4";"1016,9";"1017,8";"1016,9";"1,1";"220,0";"3,0";"";"0,0"
"14/05/2026";"0400";"11,2";"11,7";"11,2";"85,0";"85,0";"84,0";"8,8";"9,2";"8,7";"1016,7";"1016,9";"1016,6";"1,0";"190,0";"3,5";"";"0,0"
"14/05/2026";"0500";"11,1";"11,3";"11,0";"86,0";"86,0";"85,0";"8,9";"9,0";"8,7";"1016,3";"1016,8";"1016,3";"0,9";"202,0";"2,9";"";"0,0"
"14/05/2026";"0600";"10,7";"11,1";"10,6";"87,0";"87,0";"86,0";"8,6";"8,9";"8,5";"1016,0";"1016,3";"1016,0";"1,2";"208,0";"2,8";"";"0,0"
"14/05/2026";"0700";"10,7";"11,0";"10,7";"88,0";"88,0";"87,0";"8,8";"9,0";"8,7";"1016,2";"1016,3";"1015,9";"1,4";"204,0";"3,1";"";"0,0"
"14/05/2026";"0800";"10,8";"10,8";"10,3";"89,0";"89,0";"88,0";"8,9";"8,9";"8,5";"1016,1";"1016,2";"1016,0";"1,7";"204,0";"3,9";"";"0,2"
"14/05/2026";"0900";"10,7";"11,0";"10,7";"89,0";"89,0";"88,0";"8,9";"9,2";"8,9";"1016,4";"1016,4";"1015,9";"1,5";"210,0";"3,6";"";"0,0"
"14/05/2026";"1000";"10,9";"10,9";"10,5";"89,0";"89,0";"89,0";"9,1";"9,1";"8,8";"1017,3";"1017,3";"1016,4";"1,3";"209,0";"4,3";"4,40";"0,0"
"14/05/2026";"1100";"11,7";"11,8";"10,9";"89,0";"89,0";"89,0";"9,9";"10,0";"9,1";"1017,8";"1017,8";"1017,2";"2,3";"219,0";"4,4";"295,50";"0,0"
"14/05/2026";"1200";"13,7";"13,7";"11,7";"88,0";"89,0";"87,0";"11,7";"11,8";"9,9";"1018,0";"1018,1";"1017,8";"2,3";"231,0";"4,9";"969,60";"0,0"
"14/05/2026";"1300";"16,0";"16,0";"13,6";"86,0";"88,0";"86,0";"13,6";"13,7";"11,6";"1018,1";"1018,2";"1018,0";"2,3";"229,0";"4,8";"1636,20";"0,0"
"14/05/2026";"1400";"18,2";"18,3";"15,9";"82,0";"86,0";"82,0";"15,0";"15,2";"13,4";"1017,8";"1018,1";"1017,8";"1,7";"245,0";"4,4";"2173,60";"0,0"
"14/05/2026";"1500";"20,1";"20,3";"18,2";"78,0";"82,0";"77,0";"16,2";"16,5";"15,1";"1016,9";"1017,8";"1016,9";"1,1";"290,0";"3,3";"2456,30";"0,0"
"14/05/2026";"1600";"21,8";"21,8";"20,1";"74,0";"78,0";"73,0";"16,8";"16,8";"16,2";"1015,7";"1016,9";"1015,7";"0,5";"334,0";"3,4";"2524,90";"0,0"
"14/05/2026";"1700";"22,3";"22,8";"21,7";"69,0";"74,0";"68,0";"16,3";"17,1";"16,2";"1014,9";"1015,7";"1014,9";"1,3";"283,0";"3,3";"2346,60";"0,0"
"14/05/2026";"1800";"23,1";"23,5";"22,3";"63,0";"70,0";"63,0";"15,8";"17,2";"15,8";"1014,7";"1014,9";"1014,7";"1,3";"5,0";"3,0";"1950,30";"0,0"
"14/05/2026";"1900";"21,8";"23,2";"21,8";"67,0";"67,0";"62,0";"15,5";"16,1";"15,2";"1014,4";"1014,7";"1014,4";"3,0";"45,0";"4,6";"1312,70";"0,0"
"14/05/2026";"2000";"20,1";"21,9";"20,1";"71,0";"71,0";"67,0";"14,7";"15,5";"14,7";"1015,1";"1015,1";"1014,4";"2,8";"44,0";"4,8";"576,80";"0,0"
"14/05/2026";"2100";"18,4";"20,0";"18,4";"76,0";"76,0";"71,0";"14,1";"14,7";"14,0";"1015,9";"1015,9";"1015,1";"1,5";"66,0";"4,4";"36,40";"0,0"
"14/05/2026";"2200";"18,1";"18,6";"17,9";"78,0";"78,0";"76,0";"14,2";"14,3";"13,9";"1016,4";"1016,4";"1015,9";"0,9";"124,0";"2,7";"";"0,0"
"14/05/2026";"2300";"16,3";"18,1";"16,1";"81,0";"81,0";"78,0";"13,1";"14,2";"12,7";"1017,3";"1017,3";"1016,4";"0,0";"289,0";"2,0";"";"0,0"
"15/05/2026";"0000";"15,7";"16,4";"15,7";"83,0";"83,0";"81,0";"12,8";"13,4";"12,8";"1017,7";"1017,8";"1017,3";"0,0";"225,0";"1,8";"";"0,0"
"15/05/2026";"0100";"14,8";"15,7";"14,8";"85,0";"85,0";"83,0";"12,2";"12,9";"12,2";"1017,6";"1017,8";"1017,6";"0,6";"226,0";"1,8";"";"0,0"
"15/05/2026";"0200";"14,6";"15,0";"14,2";"86,0";"86,0";"85,0";"12,3";"12,5";"11,9";"1017,7";"1017,8";"1017,5";"0,8";"231,0";"2,0";"";"0,0"
"15/05/2026";"0300";"14,1";"14,6";"14,1";"87,0";"87,0";"86,0";"12,0";"12,3";"12,0";"1017,4";"1017,7";"1017,3";"1,2";"181,0";"2,3";"";"0,0"
"15/05/2026";"0400";"13,8";"14,4";"13,8";"88,0";"88,0";"87,0";"11,9";"12,3";"11,8";"1017,5";"1017,7";"1017,4";"0,3";"217,0";"2,3";"";"0,0"
"15/05/2026";"0500";"14,2";"14,2";"13,8";"89,0";"89,0";"88,0";"12,4";"12,4";"11,9";"1017,6";"1017,6";"1017,4";"0,5";"213,0";"2,2";"";"0,0"
"15/05/2026";"0600";"14,3";"14,4";"14,2";"89,0";"89,0";"89,0";"12,6";"12,7";"12,3";"1017,6";"1017,7";"1016,8";"0,7";"301,0";"2,5";"";"0,0"
"15/05/2026";"0700";"14,2";"14,7";"14,1";"90,0";"90,0";"89,0";"12,6";"13,0";"12,4";"1016,5";"1017,7";"1016,4";"1,5";"172,0";"2,8";"";"0,0"
"15/05/2026";"0800";"14,5";"14,6";"13,8";"90,0";"91,0";"90,0";"13,0";"13,0";"12,2";"1016,6";"1016,9";"1016,4";"0,7";"174,0";"2,8";"";"0,0"
"15/05/2026";"0900";"14,7";"14,8";"14,5";"90,0";"91,0";"90,0";"13,2";"13,2";"13,0";"1017,0";"1017,0";"1016,4";"0,3";"205,0";"2,3";"";"0,0"
"15/05/2026";"1000";"15,0";"15,0";"14,7";"91,0";"91,0";"91,0";"13,6";"13,6";"13,2";"1017,7";"1017,8";"1017,0";"1,4";"238,0";"2,8";"";"0,6"
"15/05/2026";"1100";"15,3";"15,4";"15,0";"91,0";"91,0";"91,0";"13,8";"14,0";"13,5";"1018,2";"1018,2";"1017,6";"0,5";"326,0";"2,8";"37,80";"0,0"
"15/05/2026";"1200";"15,9";"15,9";"15,3";"91,0";"91,0";"91,0";"14,5";"14,5";"13,8";"1018,8";"1018,8";"1018,2";"2,3";"253,0";"3,3";"113,10";"0,2"
"15/05/2026";"1300";"16,0";"16,1";"15,9";"91,0";"91,0";"91,0";"14,6";"14,7";"14,4";"1018,8";"1019,0";"1018,8";"0,5";"219,0";"3,3";"113,90";"0,2"
"15/05/2026";"1400";"16,7";"16,8";"16,0";"91,0";"92,0";"91,0";"15,2";"15,4";"14,6";"1018,6";"1018,9";"1018,6";"1,4";"240,0";"2,7";"382,80";"1,2"
"15/05/2026";"1500";"16,8";"17,0";"16,5";"91,0";"92,0";"91,0";"15,4";"15,6";"15,1";"1018,1";"1018,6";"1018,0";"1,0";"258,0";"2,4";"302,20";"0,0"
"15/05/2026";"1600";"17,1";"17,2";"16,8";"90,0";"91,0";"90,0";"15,5";"15,8";"15,4";"1017,0";"1018,1";"1017,0";"0,1";"238,0";"1,6";"341,20";"0,0"
"15/05/2026";"1700";"17,2";"17,4";"17,1";"90,0";"91,0";"90,0";"15,6";"15,9";"15,5";"1016,5";"1017,0";"1016,5";"0,1";"274,0";"1,7";"323,10";"0,0"
"15/05/2026";"1800";"17,0";"17,4";"17,0";"91,0";"91,0";"90,0";"15,5";"15,8";"15,5";"1016,8";"1016,8";"1016,0";"0,2";"255,0";"1,8";"81,10";"0,6"
"15/05/2026";"1900";"16,8";"17,1";"16,8";"92,0";"92,0";"91,0";"15,4";"15,6";"15,4";"1014,7";"1017,0";"1014,7";"3,2";"66,0";"5,1";"69,60";"1,4"
"15/05/2026";"2000";"16,5";"16,8";"16,1";"92,0";"92,0";"91,0";"15,1";"15,5";"14,6";"1016,1";"1016,4";"1014,7";"0,2";"199,0";"5,1";"67,90";"0,4"
"15/05/2026";"2100";"16,4";"16,5";"16,2";"92,0";"92,0";"91,0";"15,1";"15,1";"14,9";"1016,1";"1016,2";"1015,5";"1,1";"245,0";"2,1";"2,00";"0,0"
"15/05/2026";"2200";"16,3";"16,5";"16,3";"92,0";"92,0";"92,0";"15,0";"15,2";"15,0";"1016,1";"1016,3";"1015,9";"0,9";"240,0";"2,3";"";"0,0"
"15/05/2026";"2300";"16,2";"16,3";"16,2";"92,0";"92,0";"92,0";"14,9";"15,0";"14,9";"1016,6";"1016,6";"1015,9";"1,1";"231,0";"2,6";"";"0,4"
"16/05/2026";"0000";"16,1";"16,2";"16,1";"92,0";"92,0";"92,0";"14,9";"14,9";"14,9";"1016,7";"1016,8";"1016,5";"0,0";"200,0";"2,5";"";"0,2"
"16/05/2026";"0100";"16,0";"16,2";"16,0";"93,0";"93,0";"92,0";"14,9";"15,0";"14,9";"1016,6";"1016,8";"1016,5";"0,0";"280,0";"1,1";"";"0,0"
"16/05/2026";"0200";"16,1";"16,1";"15,9";"93,0";"93,0";"93,0";"14,9";"14,9";"14,8";"1016,7";"1016,7";"1016,5";"0,0";"240,0";"0,0";"";"0,0"
"16/05/2026";"0300";"16,0";"16,1";"16,0";"93,0";"93,0";"93,0";"14,9";"15,0";"14,9";"1016,3";"1016,7";"1016,3";"0,4";"185,0";"1,3";"";"0,0"
"16/05/2026";"0400";"16,0";"16,0";"16,0";"93,0";"93,0";"93,0";"14,9";"14,9";"14,9";"1015,7";"1016,3";"1015,7";"0,8";"170,0";"2,0";"";"0,0"
"16/05/2026";"0500";"15,9";"16,0";"15,9";"93,0";"93,0";"93,0";"14,8";"14,9";"14,8";"1015,2";"1015,7";"1015,2";"1,1";"244,0";"2,5";"";"0,0"
"16/05/2026";"0600";"15,9";"16,0";"15,9";"93,0";"93,0";"93,0";"14,9";"14,9";"14,8";"1014,9";"1015,2";"1014,9";"0,1";"235,0";"1,9";"";"0,0"
"16/05/2026";"0700";"15,9";"16,0";"15,9";"93,0";"93,0";"93,0";"14,8";"14,9";"14,8";"1014,8";"1015,0";"1014,7";"0,6";"242,0";"1,4";"";"0,0"
"16/05/2026";"0800";"15,5";"15,9";"15,5";"94,0";"94,0";"93,0";"14,5";"14,8";"14,5";"1014,6";"1014,9";"1014,5";"0,7";"218,0";"1,8";"";"1,4"
"16/05/2026";"0900";"15,6";"15,6";"15,5";"94,0";"94,0";"94,0";"14,5";"14,6";"14,5";"1014,9";"1014,9";"1014,4";"0,7";"247,0";"1,8";"";"0,0"
"16/05/2026";"1000";"15,6";"15,7";"15,5";"94,0";"94,0";"94,0";"14,6";"14,6";"14,5";"1015,6";"1015,6";"1014,9";"0,7";"230,0";"2,0";"1,50";"0,0"
"16/05/2026";"1100";"15,9";"16,0";"15,6";"94,0";"94,0";"94,0";"14,9";"15,0";"14,6";"1016,0";"1016,1";"1015,6";"0,3";"229,0";"2,0";"143,40";"0,0"
"16/05/2026";"1200";"16,6";"16,6";"15,9";"93,0";"94,0";"93,0";"15,5";"15,5";"14,9";"1016,5";"1016,6";"1015,9";"0,8";"230,0";"2,3";"478,90";"0,0"
"16/05/2026";"1300";"17,3";"17,3";"16,6";"92,0";"93,0";"92,0";"16,0";"16,1";"15,5";"1016,7";"1016,7";"1016,3";"1,8";"250,0";"3,1";"906,40";"0,0"
"16/05/2026";"1400";"17,7";"17,9";"17,1";"91,0";"92,0";"91,0";"16,2";"16,4";"15,7";"1016,6";"1016,8";"1016,4";"1,6";"260,0";"3,2";"909,40";"0,0"
"16/05/2026";"1500";"18,3";"18,4";"17,7";"89,0";"91,0";"89,0";"16,5";"16,8";"16,1";"1016,1";"1016,6";"1016,1";"0,1";"298,0";"2,8";"745,10";"0,0"
"16/05/2026";"1600";"18,4";"18,4";"17,9";"90,0";"91,0";"89,0";"16,8";"16,8";"16,2";"1015,1";"1016,2";"1015,1";"0,8";"346,0";"2,0";"602,50";"0,2"
"16/05/2026";"1700";"19,1";"19,3";"18,3";"88,0";"90,0";"88,0";"17,1";"17,5";"16,6";"1013,7";"1015,1";"1013,7";"0,8";"158,0";"2,2";"1243,30";"0,0"
"16/05/2026";"1800";"19,0";"19,4";"18,8";"88,0";"89,0";"88,0";"17,0";"17,3";"16,8";"1013,4";"1013,7";"1013,4";"0,2";"252,0";"2,0";"558,70";"0,0"
"16/05/2026";"1900";"19,0";"19,3";"19,0";"87,0";"88,0";"87,0";"16,8";"17,2";"16,8";"1013,3";"1013,5";"1013,1";"1,2";"351,0";"2,0";"296,00";"0,0"
"16/05/2026";"2000";"19,0";"19,1";"18,9";"88,0";"88,0";"87,0";"16,9";"17,0";"16,8";"1013,2";"1013,7";"1013,1";"0,7";"144,0";"2,0";"107,60";"0,0"
"16/05/2026";"2100";"18,7";"19,0";"18,7";"89,0";"89,0";"88,0";"16,8";"16,9";"16,8";"1013,7";"1013,9";"1013,2";"0,0";"121,0";"1,3";"2,60";"0,0"
"16/05/2026";"2200";"18,5";"18,7";"18,5";"89,0";"89,0";"89,0";"16,8";"16,9";"16,6";"1014,0";"1014,0";"1013,6";"0,0";"312,0";"0,0";"";"0,0"
"16/05/2026";"2300";"18,4";"18,6";"18,3";"90,0";"90,0";"89,0";"16,7";"16,9";"16,7";"1014,7";"1014,7";"1013,9";"0,0";"279,0";"0,0";"";"0,0"
"17/05/2026";"0000";"18,3";"18,4";"18,2";"91,0";"91,0";"90,0";"16,7";"16,8";"16,7";"1014,5";"1014,7";"1014,3";"0,0";"62,0";"0,0";"";"0,0"
"17/05/2026";"0100";"18,3";"18,3";"18,2";"91,0";"91,0";"91,0";"16,7";"16,8";"16,6";"1015,1";"1015,1";"1014,5";"0,0";"165,0";"0,0";"";"0,0"
"17/05/2026";"0200";"18,1";"18,2";"18,1";"91,0";"91,0";"91,0";"16,7";"16,7";"16,6";"1015,1";"1015,2";"1015,0";"0,0";"202,0";"0,0";"";"0,0"
"17/05/2026";"0300";"18,0";"18,1";"18,0";"92,0";"92,0";"91,0";"16,6";"16,7";"16,6";"1015,1";"1015,3";"1015,1";"0,9";"234,0";"2,0";"";"0,0"
"17/05/2026";"0400";"17,9";"18,0";"17,9";"92,0";"92,0";"92,0";"16,5";"16,6";"16,5";"1014,4";"1015,1";"1014,4";"1,1";"266,0";"2,3";"";"0,0"
"17/05/2026";"0500";"17,8";"17,9";"17,8";"92,0";"92,0";"92,0";"16,5";"16,5";"16,5";"1013,6";"1014,4";"1013,6";"0,4";"239,0";"2,1";"";"0,0"
"17/05/2026";"0600";"17,7";"17,8";"17,7";"92,0";"92,0";"92,0";"16,4";"16,5";"16,4";"1013,0";"1013,7";"1012,9";"0,8";"211,0";"2,4";"";"0,0"
"17/05/2026";"0700";"17,7";"17,7";"17,6";"92,0";"92,0";"92,0";"16,4";"16,4";"16,4";"1012,7";"1013,1";"1012,6";"0,9";"219,0";"2,4";"";"0,0"
"17/05/2026";"0800";"17,6";"17,7";"17,6";"92,0";"93,0";"92,0";"16,3";"16,4";"16,3";"1012,7";"1012,7";"1012,4";"0,0";"246,0";"1,9";"";"0,0"
"17/05/2026";"0900";"17,5";"17,6";"17,5";"93,0";"93,0";"92,0";"16,3";"16,4";"16,3";"1012,6";"1012,7";"1012,4";"0,1";"279,0";"1,2";"";"0,0"
"17/05/2026";"1000";"17,1";"17,5";"17,1";"93,0";"93,0";"93,0";"15,9";"16,3";"15,9";"1013,0";"1013,0";"1012,6";"0,0";"225,0";"1,3";"";"0,0"
"17/05/2026";"1100";"17,5";"17,5";"16,9";"93,0";"93,0";"93,0";"16,4";"16,4";"15,7";"1013,3";"1013,3";"1013,0";"0,0";"232,0";"1,1";"119,50";"0,0"
"17/05/2026";"1200";"17,8";"17,8";"17,5";"93,0";"93,0";"93,0";"16,6";"16,6";"16,4";"1014,1";"1014,1";"1013,3";"0,9";"189,0";"2,0";"177,80";"0,0"
"17/05/2026";"1300";"18,9";"18,9";"17,8";"91,0";"93,0";"91,0";"17,4";"17,5";"16,6";"1014,4";"1014,5";"1014,1";"0,1";"332,0";"2,0";"786,20";"0,0"
"17/05/2026";"1400";"19,1";"19,1";"18,7";"90,0";"92,0";"90,0";"17,4";"17,7";"17,1";"1014,0";"1014,5";"1014,0";"0,2";"286,0";"1,4";"559,50";"0,0"
"17/05/2026";"1500";"20,0";"20,0";"19,1";"89,0";"90,0";"89,0";"18,1";"18,2";"17,4";"1013,2";"1014,0";"1013,2";"0,5";"191,0";"2,0";"770,80";"0,0"
"17/05/2026";"1600";"20,3";"20,5";"19,7";"87,0";"89,0";"87,0";"18,0";"18,4";"17,7";"1012,0";"1013,2";"1012,0";"0,5";"53,0";"2,1";"928,60";"0,0"
"17/05/2026";"1700";"21,4";"21,6";"20,3";"85,0";"87,0";"84,0";"18,8";"19,1";"18,1";"1011,2";"1012,0";"1011,2";"1,1";"8,0";"2,6";"1290,00";"0,0"
"17/05/2026";"1800";"21,4";"21,7";"21,2";"84,0";"85,0";"84,0";"18,7";"19,0";"18,4";"1011,2";"1011,2";"1011,0";"1,3";"246,0";"2,6";"844,90";"0,0"
"17/05/2026";"1900";"21,5";"21,6";"21,2";"83,0";"84,0";"83,0";"18,6";"18,8";"18,3";"1011,0";"1011,3";"1010,9";"0,2";"342,0";"2,5";"453,60";"0,0"
"17/05/2026";"2000";"20,3";"21,5";"20,3";"86,0";"86,0";"83,0";"17,8";"18,5";"17,8";"1011,3";"1011,3";"1010,9";"2,3";"36,0";"4,0";"182,80";"0,0"
"17/05/2026";"2100";"19,8";"20,3";"19,8";"87,0";"87,0";"86,0";"17,6";"17,8";"17,5";"1012,3";"1012,3";"1011,3";"1,7";"34,0";"3,7";"9,10";"0,0"
"17/05/2026";"2200";"19,7";"19,8";"19,7";"87,0";"87,0";"87,0";"17,5";"17,6";"17,5";"1012,7";"1012,8";"1012,2";"1,0";"62,0";"2,8";"";"0,0"
"17/05/2026";"2300";"19,2";"19,7";"19,2";"88,0";"88,0";"87,0";"17,2";"17,5";"17,2";"1013,3";"1013,3";"1012,7";"1,4";"93,0";"2,9";"";"0,4"
"18/05/2026";"0000";"18,8";"19,2";"18,8";"89,0";"89,0";"88,0";"17,0";"17,2";"16,9";"1014,1";"1014,2";"1013,3";"1,2";"358,0";"2,9";"";"4,4"
"18/05/2026";"0100";"18,5";"18,8";"18,5";"90,0";"90,0";"89,0";"16,9";"17,0";"16,8";"1014,6";"1014,6";"1013,9";"0,4";"1,0";"3,7";"";"4,0"
"18/05/2026";"0200";"18,2";"18,5";"18,2";"91,0";"91,0";"90,0";"16,6";"16,9";"16,6";"1014,9";"1014,9";"1014,5";"0,0";"129,0";"2,4";"";"2,8"
"18/05/2026";"0300";"18,0";"18,2";"18,0";"91,0";"91,0";"91,0";"16,6";"16,7";"16,5";"1015,2";"1015,2";"1014,9";"0,3";"339,0";"1,4";"";"3,6"
"18/05/2026";"0400";"17,9";"18,0";"17,9";"92,0";"92,0";"91,0";"16,6";"16,6";"16,5";"1014,9";"1015,2";"1014,9";"0,0";"49,0";"0,9";"";"2,0"
"18/05/2026";"0500";"17,8";"18,0";"17,8";"92,0";"92,0";"92,0";"16,5";"16,6";"16,5";"1014,8";"1015,1";"1014,8";"0,0";"25,0";"0,0";"";"0,2"
"18/05/2026";"0600";"17,7";"17,8";"17,7";"92,0";"92,0";"92,0";"16,5";"16,5";"16,4";"1015,0";"1015,1";"1014,7";"0,1";"301,0";"1,6";"";"0,0"
"18/05/2026";"0700";"17,6";"17,7";"17,6";"93,0";"93,0";"92,0";"16,4";"16,5";"16,4";"1014,5";"1015,1";"1014,5";"0,2";"334,0";"1,2";"";"0,4"
"18/05/2026";"0800";"17,5";"17,6";"17,5";"93,0";"93,0";"93,0";"16,3";"16,4";"16,3";"1015,7";"1015,7";"1014,5";"0,8";"324,0";"1,8";"";"0,2"
"18/05/2026";"0900";"17,3";"17,5";"17,3";"93,0";"93,0";"93,0";"16,2";"16,4";"16,1";"1015,9";"1015,9";"1015,4";"0,0";"218,0";"1,7";"";"0,2"
"18/05/2026";"1000";"16,9";"17,3";"16,9";"93,0";"93,0";"93,0";"15,8";"16,2";"15,8";"1016,9";"1016,9";"1015,9";"0,8";"226,0";"2,2";"";"0,0"
"18/05/2026";"1100";"16,7";"17,0";"16,7";"93,0";"93,0";"93,0";"15,5";"15,9";"15,5";"1017,7";"1017,7";"1016,9";"0,5";"295,0";"1,9";"44,90";"0,2"
"18/05/2026";"1200";"16,8";"16,8";"16,5";"93,0";"93,0";"93,0";"15,7";"15,8";"15,4";"1018,5";"1018,5";"1017,7";"0,4";"8,0";"1,2";"113,40";"0,2"
"18/05/2026";"1300";"16,9";"17,1";"16,8";"93,0";"93,0";"93,0";"15,7";"15,9";"15,6";"1019,0";"1019,0";"1018,4";"0,2";"248,0";"1,2";"229,00";"0,0"
"18/05/2026";"1400";"17,4";"17,4";"16,9";"93,0";"93,0";"92,0";"16,2";"16,3";"15,7";"1019,4";"1019,4";"1019,0";"0,4";"256,0";"1,2";"254,20";"0,0"
"18/05/2026";"1500";"17,7";"17,8";"17,4";"92,0";"93,0";"92,0";"16,4";"16,5";"16,1";"1019,2";"1019,4";"1019,0";"0,6";"171,0";"1,4";"322,00";"0,0"
"18/05/2026";"1600";"17,8";"17,8";"17,6";"92,0";"92,0";"92,0";"16,4";"16,5";"16,2";"1019,1";"1019,2";"1019,0";"0,7";"267,0";"1,4";"353,00";"0,0"
"18/05/2026";"1700";"17,4";"17,8";"17,3";"91,0";"92,0";"90,0";"15,8";"16,4";"15,7";"1018,6";"1019,1";"1018,6";"0,1";"114,0";"1,5";"378,20";"0,0"
"18/05/2026";"1800";"17,1";"17,5";"16,9";"91,0";"91,0";"90,0";"15,6";"16,0";"15,4";"1018,6";"1018,7";"1018,6";"0,4";"238,0";"2,1";"188,40";"0,2"
"18/05/2026";"1900";"16,8";"17,2";"16,8";"91,0";"91,0";"91,0";"15,3";"15,7";"15,3";"1018,6";"1018,7";"1018,5";"0,6";"17,0";"1,6";"160,60";"0,2"
"18/05/2026";"2000";"16,4";"17,0";"16,3";"92,0";"92,0";"91,0";"15,0";"15,6";"14,9";"1019,1";"1019,1";"1018,5";"0,7";"355,0";"1,5";"87,60";"0,2"
"18/05/2026";"2100";"15,6";"16,4";"15,6";"93,0";"93,0";"91,0";"14,4";"15,1";"14,3";"1019,5";"1019,5";"1019,1";"1,2";"340,0";"4,0";"4,20";"1,4"
"18/05/2026";"2200";"15,3";"15,6";"15,3";"93,0";"93,0";"93,0";"14,2";"14,4";"14,2";"1019,9";"1019,9";"1019,5";"1,6";"333,0";"3,0";"";"0,0"
"18/05/2026";"2300";"15,1";"15,4";"15,1";"93,0";"93,0";"93,0";"14,0";"14,2";"14,0";"1020,1";"1020,2";"1019,9";"0,6";"282,0";"3,0";"";"0,0"
"19/05/2026";"0000";"15,1";"15,3";"15,0";"93,0";"93,0";"93,0";"13,9";"14,2";"13,9";"1020,8";"1020,8";"1020,1";"1,3";"279,0";"2,7";"";"0,0"
"19/05/2026";"0100";"15,3";"15,4";"15,0";"93,0";"93,0";"93,0";"14,2";"14,2";"13,8";"1020,9";"1021,0";"1020,7";"0,0";"41,0";"2,5";"";"0,0"
"19/05/2026";"0200";"15,2";"15,4";"15,2";"93,0";"93,0";"93,0";"14,1";"14,3";"14,1";"1020,9";"1021,0";"1020,8";"0,0";"248,0";"1,1";"";"0,0"
"19/05/2026";"0300";"15,2";"15,2";"15,1";"93,0";"93,0";"93,0";"14,1";"14,2";"14,0";"1020,9";"1021,0";"1020,8";"0,6";"273,0";"1,4";"";"0,0"
"19/05/2026";"0400";"15,1";"15,2";"15,1";"93,0";"93,0";"93,0";"14,0";"14,1";"14,0";"1020,7";"1021,0";"1020,7";"0,0";"198,0";"1,4";"";"0,0"
"19/05/2026";"0500";"15,1";"15,2";"15,1";"94,0";"94,0";"93,0";"14,0";"14,2";"14,0";"1020,2";"1020,7";"1020,2";"0,3";"230,0";"1,2";"";"0,0"
"19/05/2026";"0600";"15,0";"15,1";"15,0";"94,0";"94,0";"94,0";"14,0";"14,0";"14,0";"1020,1";"1020,3";"1020,0";"0,0";"195,0";"2,3";"";"0,0"
"19/05/2026";"0700";"14,8";"15,0";"14,8";"94,0";"94,0";"94,0";"13,8";"14,0";"13,8";"1019,8";"1020,1";"1019,8";"0,0";"192,0";"1,2";"";"0,0"
"19/05/2026";"0800";"14,6";"14,8";"14,6";"94,0";"94,0";"94,0";"13,7";"13,8";"13,7";"1019,8";"1020,0";"1019,7";"0,0";"192,0";"1,1";"";"0,0"
"19/05/2026";"0900";"14,2";"14,6";"14,2";"94,0";"94,0";"94,0";"13,3";"13,7";"13,3";"1019,9";"1020,0";"1019,8";"0,5";"192,0";"1,7";"";"0,0"
"19/05/2026";"1000";"14,2";"14,3";"14,1";"94,0";"94,0";"94,0";"13,3";"13,4";"13,1";"1020,6";"1020,6";"1019,9";"0,6";"180,0";"2,1";"";"0,0"
"19/05/2026";"1100";"14,7";"14,7";"14,2";"94,0";"94,0";"94,0";"13,8";"13,8";"13,3";"1021,2";"1021,2";"1020,6";"0,6";"206,0";"2,0";"110,90";"0,0"
"19/05/2026";"1200";"15,2";"15,2";"14,7";"94,0";"94,0";"93,0";"14,2";"14,3";"13,8";"1021,6";"1021,6";"1021,1";"1,9";"233,0";"3,7";"471,60";"0,0"
"19/05/2026";"1300";"16,4";"16,5";"15,2";"92,0";"94,0";"92,0";"15,1";"15,3";"14,3";"1021,8";"1021,8";"1021,5";"1,5";"226,0";"3,7";"1124,20";"0,0"
"19/05/2026";"1400";"17,0";"17,2";"16,2";"88,0";"92,0";"87,0";"15,0";"15,7";"14,7";"1021,5";"1021,9";"1021,5";"0,8";"251,0";"3,0";"1735,50";"0,0"
"19/05/2026";"1500";"18,1";"18,4";"16,9";"85,0";"89,0";"85,0";"15,5";"16,1";"14,9";"1020,7";"1021,5";"1020,7";"0,9";"94,0";"2,8";"1113,60";"0,0"
"19/05/2026";"1600";"18,1";"18,3";"17,9";"84,0";"86,0";"84,0";"15,4";"15,9";"15,3";"1020,1";"1020,7";"1020,1";"0,1";"27,0";"2,8";"480,40";"0,0"
"19/05/2026";"1700";"18,6";"18,8";"17,9";"82,0";"84,0";"82,0";"15,6";"15,8";"15,1";"1019,6";"1020,1";"1019,6";"1,4";"322,0";"2,4";"721,80";"0,0"
"19/05/2026";"1800";"18,7";"19,0";"18,5";"81,0";"83,0";"81,0";"15,4";"15,9";"15,3";"1019,6";"1019,7";"1019,6";"0,8";"306,0";"2,5";"671,60";"0,0"
"19/05/2026";"1900";"18,6";"18,8";"18,5";"81,0";"82,0";"80,0";"15,3";"15,6";"15,0";"1019,5";"1019,6";"1019,4";"1,0";"15,0";"1,8";"323,30";"0,0"
"19/05/2026";"2000";"18,0";"18,7";"18,0";"81,0";"81,0";"81,0";"14,6";"15,4";"14,6";"1019,3";"1019,5";"1019,2";"2,5";"55,0";"3,9";"281,20";"0,0"
"19/05/2026";"2100";"16,6";"18,0";"16,6";"84,0";"84,0";"81,0";"13,8";"14,6";"13,8";"1019,8";"1019,9";"1019,2";"0,2";"11,0";"3,9";"43,80";"0,0"
"19/05/2026";"2200";"16,4";"16,6";"16,1";"86,0";"86,0";"84,0";"13,9";"13,9";"13,6";"1020,1";"1020,1";"1019,8";"0,0";"151,0";"1,5";"";"0,0"
"19/05/2026";"2300";"16,1";"16,4";"15,9";"87,0";"87,0";"86,0";"13,9";"14,0";"13,6";"1020,5";"1020,5";"1020,1";"0,0";"146,0";"0,0";"";"0,0"
"20/05/2026";"0000";"16,2";"16,5";"16,1";"87,0";"87,0";"86,0";"14,1";"14,4";"13,8";"1020,6";"1020,6";"1020,4";"0,0";"234,0";"0,5";"";"0,0"
"20/05/2026";"0100";"16,3";"16,4";"16,2";"88,0";"88,0";"87,0";"14,4";"14,4";"14,1";"1020,7";"1020,7";"1020,5";"0,0";"242,0";"0,9";"";"0,0"
"20/05/2026";"0200";"16,4";"16,4";"16,2";"89,0";"89,0";"88,0";"14,5";"14,5";"14,2";"1020,7";"1020,7";"1020,6";"0,0";"243,0";"1,2";"";"0,0"
"20/05/2026";"0300";"16,2";"16,4";"16,2";"89,0";"89,0";"89,0";"14,4";"14,5";"14,4";"1020,4";"1020,7";"1020,4";"0,6";"246,0";"1,4";"";"0,0"
"20/05/2026";"0400";"16,0";"16,2";"16,0";"90,0";"90,0";"89,0";"14,3";"14,4";"14,3";"1020,3";"1020,5";"1020,3";"0,1";"186,0";"1,3";"";"0,0"
"20/05/2026";"0500";"16,0";"16,0";"15,9";"90,0";"90,0";"90,0";"14,3";"14,4";"14,2";"1020,1";"1020,4";"1020,1";"0,0";"230,0";"0,9";"";"0,0"
"20/05/2026";"0600";"15,8";"16,0";"15,8";"90,0";"90,0";"90,0";"14,3";"14,3";"14,3";"1019,5";"1020,1";"1019,5";"0,3";"178,0";"1,2";"";"0,0"
"20/05/2026";"0700";"15,6";"15,8";"15,6";"91,0";"91,0";"90,0";"14,1";"14,2";"14,1";"1018,9";"1019,5";"1018,9";"0,0";"290,0";"1,1";"";"0,0"
"20/05/2026";"0800";"15,1";"15,6";"15,1";"91,0";"91,0";"91,0";"13,7";"14,0";"13,7";"1018,6";"1018,9";"1018,5";"0,2";"172,0";"1,0";"";"0,0"
"20/05/2026";"0900";"14,7";"15,1";"14,6";"92,0";"92,0";"91,0";"13,4";"13,6";"13,3";"1019,1";"1019,1";"1018,6";"0,2";"179,0";"2,2";"";"0,0"
"20/05/2026";"1000";"14,8";"14,8";"14,7";"92,0";"92,0";"92,0";"13,5";"13,6";"13,4";"1019,7";"1019,7";"1019,1";"0,0";"244,0";"1,2";"1,20";"0,0"
"20/05/2026";"1100";"15,4";"15,4";"14,8";"92,0";"93,0";"92,0";"14,2";"14,2";"13,5";"1020,5";"1020,5";"1019,6";"1,0";"217,0";"2,7";"136,70";"0,0"
"20/05/2026";"1200";"16,1";"16,3";"15,4";"92,0";"93,0";"91,0";"14,7";"15,0";"14,1";"1020,9";"1020,9";"1020,5";"0,9";"233,0";"3,2";"626,50";"0,0"
"20/05/2026";"1300";"16,7";"16,9";"16,1";"90,0";"92,0";"90,0";"15,1";"15,2";"14,7";"1020,9";"1021,1";"1020,8";"1,5";"225,0";"4,2";"1003,30";"0,0"
"20/05/2026";"1400";"18,6";"18,8";"16,8";"86,0";"90,0";"86,0";"16,2";"16,7";"15,2";"1020,6";"1020,9";"1020,6";"2,3";"249,0";"4,5";"1881,60";"0,0"
"20/05/2026";"1500";"20,1";"20,4";"18,1";"83,0";"87,0";"82,0";"17,1";"17,6";"15,7";"1019,6";"1020,6";"1019,6";"1,2";"192,0";"4,5";"1925,50";"0,0"
"20/05/2026";"1600";"21,6";"21,7";"20,1";"77,0";"83,0";"76,0";"17,4";"17,9";"16,8";"1018,6";"1019,6";"1018,6";"1,2";"323,0";"4,0";"2550,00";"0,0"
"20/05/2026";"1700";"22,1";"22,1";"21,3";"69,0";"78,0";"69,0";"16,2";"17,8";"16,2";"1018,0";"1018,6";"1018,0";"4,5";"288,0";"8,5";"2087,80";"0,0"
"20/05/2026";"1800";"22,6";"22,8";"22,1";"66,0";"70,0";"65,0";"15,8";"16,7";"15,7";"1017,8";"1018,0";"1017,8";"3,2";"266,0";"8,5";"1897,70";"0,0"
"20/05/2026";"1900";"19,6";"22,8";"19,5";"74,0";"74,0";"63,0";"14,9";"16,0";"14,6";"1018,1";"1018,1";"1017,8";"3,7";"69,0";"6,2";"1284,00";"0,0"
"20/05/2026";"2000";"18,1";"19,6";"18,1";"77,0";"77,0";"74,0";"14,0";"14,7";"13,9";"1018,6";"1018,6";"1018,1";"2,7";"82,0";"6,1";"466,30";"0,0"
"20/05/2026";"2100";"16,6";"18,1";"16,6";"79,0";"79,0";"77,0";"12,9";"14,0";"12,9";"1019,5";"1019,5";"1018,6";"1,9";"59,0";"5,1";"40,40";"0,0"
"20/05/2026";"2200";"15,6";"16,6";"15,6";"81,0";"81,0";"79,0";"12,3";"12,8";"12,2";"1020,1";"1020,1";"1019,5";"0,6";"62,0";"3,6";"";"0,0"
"20/05/2026";"2300";"14,9";"15,6";"14,8";"82,0";"82,0";"80,0";"11,9";"12,3";"11,7";"1020,8";"1020,8";"1020,1";"0,4";"75,0";"2,2";"";"0,0"
"21/05/2026";"0000";"13,9";"15,0";"13,8";"84,0";"84,0";"82,0";"11,3";"12,0";"11,1";"1021,3";"1021,4";"1020,8";"0,0";"321,0";"1,8";"";"0,0"
"21/05/2026";"0100";"13,8";"13,9";"13,7";"86,0";"86,0";"84,0";"11,4";"11,4";"11,2";"1021,8";"1021,8";"1021,3";"0,7";"233,0";"2,0";"";"0,0"
"21/05/2026";"0200";"13,5";"13,9";"13,5";"86,0";"86,0";"86,0";"11,3";"11,6";"11,3";"1022,0";"1022,0";"1021,8";"0,1";"195,0";"1,7";"";"0,0"
"21/05/2026";"0300";"13,0";"13,5";"13,0";"87,0";"88,0";"86,0";"11,0";"11,2";"10,8";"1021,9";"1022,1";"1021,9";"0,0";"182,0";"0,8";"";"0,0"
"21/05/2026";"0400";"12,6";"13,1";"12,6";"88,0";"88,0";"87,0";"10,8";"11,1";"10,6";"1021,9";"1022,0";"1021,9";"0,7";"220,0";"1,7";"";"0,0"
"21/05/2026";"0500";"12,2";"12,7";"12,2";"89,0";"89,0";"88,0";"10,4";"10,9";"10,4";"1021,9";"1022,0";"1021,8";"1,7";"166,0";"2,5";"";"0,0"
"21/05/2026";"0600";"12,3";"12,5";"12,0";"90,0";"90,0";"89,0";"10,6";"10,8";"10,2";"1021,8";"1022,0";"1021,8";"0,5";"186,0";"3,0";"";"0,0"
"21/05/2026";"0700";"11,6";"12,3";"11,6";"90,0";"90,0";"90,0";"9,9";"10,6";"9,9";"1022,1";"1022,1";"1021,8";"1,6";"243,0";"2,8";"";"0,0"
"21/05/2026";"0800";"10,9";"11,6";"10,9";"91,0";"91,0";"90,0";"9,4";"9,9";"9,3";"1022,3";"1022,3";"1022,1";"1,0";"204,0";"2,8";"";"0,0"
"21/05/2026";"0900";"10,4";"10,9";"10,1";"91,0";"91,0";"90,0";"8,9";"9,5";"8,6";"1022,7";"1022,8";"1022,3";"1,3";"227,0";"3,1";"";"0,2"
"21/05/2026";"1000";"9,3";"10,4";"9,3";"90,0";"91,0";"90,0";"7,8";"8,9";"7,8";"1023,4";"1023,4";"1022,7";"1,8";"239,0";"3,3";"0,70";"0,0"
"21/05/2026";"1100";"10,8";"10,8";"9,2";"91,0";"91,0";"90,0";"9,3";"9,4";"7,7";"1024,3";"1024,3";"1023,4";"1,9";"237,0";"3,5";"280,90";"0,0"
"21/05/2026";"1200";"11,8";"11,8";"10,7";"89,0";"91,0";"89,0";"10,1";"10,1";"9,1";"1024,6";"1024,6";"1024,3";"1,8";"222,0";"5,0";"996,60";"0,0"
"21/05/2026";"1300";"13,2";"13,4";"11,6";"85,0";"89,0";"85,0";"10,7";"11,1";"9,6";"1024,9";"1024,9";"1024,6";"2,1";"232,0";"4,6";"1607,40";"0,0"
"21/05/2026";"1400";"15,6";"15,6";"13,2";"83,0";"86,0";"82,0";"12,6";"12,6";"10,8";"1024,6";"1024,9";"1024,6";"2,0";"234,0";"4,6";"2116,60";"0,0"
"21/05/2026";"1500";"17,5";"17,6";"15,4";"77,0";"83,0";"77,0";"13,5";"13,8";"12,3";"1024,1";"1024,6";"1024,1";"1,4";"213,0";"3,9";"2406,40";"0,0"
"21/05/2026";"1600";"18,3";"18,5";"17,2";"73,0";"78,0";"72,0";"13,3";"13,7";"12,7";"1023,5";"1024,1";"1023,5";"0,9";"196,0";"3,9";"2309,00";"0,0"
"21/05/2026";"1700";"18,8";"19,4";"18,3";"67,0";"74,0";"67,0";"12,6";"13,7";"12,6";"1022,9";"1023,5";"1022,9";"1,6";"15,0";"3,9";"2413,30";"0,0"
"21/05/2026";"1800";"18,3";"18,9";"18,2";"67,0";"69,0";"66,0";"12,0";"13,0";"11,8";"1022,7";"1022,9";"1022,6";"3,0";"67,0";"5,2";"1894,50";"0,0"
"21/05/2026";"1900";"17,5";"18,3";"17,5";"67,0";"67,0";"66,0";"11,3";"12,1";"11,3";"1023,0";"1023,1";"1022,6";"2,9";"67,0";"6,2";"1245,20";"0,0"
"21/05/2026";"2000";"16,5";"17,6";"16,5";"67,0";"68,0";"67,0";"10,5";"11,4";"10,5";"1023,5";"1023,5";"1023,0";"3,1";"90,0";"5,2";"470,80";"0,0"
"21/05/2026";"2100";"14,9";"16,5";"14,9";"72,0";"72,0";"67,0";"9,8";"10,5";"9,8";"1024,0";"1024,0";"1023,5";"0,7";"19,0";"5,2";"31,90";"0,0"
"21/05/2026";"2200";"13,6";"14,9";"13,6";"77,0";"77,0";"72,0";"9,6";"9,9";"9,5";"1024,8";"1024,8";"1024,0";"0,6";"174,0";"1,7";"";"0,0"
"21/05/2026";"2300";"12,7";"13,6";"12,7";"79,0";"79,0";"77,0";"9,2";"9,7";"9,2";"1025,3";"1025,3";"1024,8";"0,9";"260,0";"1,6";"";"0,0"
"22/05/2026";"0000";"12,9";"13,1";"12,6";"81,0";"81,0";"79,0";"9,8";"9,9";"9,2";"1025,9";"1025,9";"1025,3";"0,0";"232,0";"1,6";"";"0,0"
"22/05/2026";"0100";"13,3";"13,3";"12,9";"82,0";"82,0";"81,0";"10,3";"10,3";"9,8";"1025,9";"1026,1";"1025,9";"0,7";"248,0";"1,4";"";"0,0"
"22/05/2026";"0200";"12,6";"13,3";"12,6";"83,0";"83,0";"82,0";"9,8";"10,4";"9,8";"1025,2";"1025,9";"1025,1";"0,2";"275,0";"1,8";"";"0,0"
"22/05/2026";"0300";"12,5";"12,7";"12,1";"84,0";"85,0";"83,0";"10,0";"10,0";"9,5";"1026,1";"1026,1";"1025,1";"0,4";"332,0";"2,3";"";"0,0"
"22/05/2026";"0400";"12,7";"12,8";"12,5";"84,0";"85,0";"84,0";"10,1";"10,2";"9,9";"1025,9";"1026,2";"1025,9";"0,4";"174,0";"1,5";"";"0,0"
"22/05/2026";"0500";"11,6";"12,7";"11,5";"86,0";"86,0";"84,0";"9,3";"10,1";"9,2";"1025,6";"1025,9";"1025,5";"0,7";"212,0";"2,1";"";"0,0"
"22/05/2026";"0600";"11,8";"12,1";"11,7";"86,0";"87,0";"86,0";"9,6";"9,9";"9,3";"1025,2";"1025,6";"1025,2";"0,6";"208,0";"2,3";"";"0,0"
"22/05/2026";"0700";"11,1";"11,8";"11,0";"87,0";"87,0";"86,0";"9,0";"9,6";"8,9";"1024,8";"1025,2";"1024,8";"1,4";"188,0";"2,6";"";"0,0"
"22/05/2026";"0800";"10,7";"11,1";"10,6";"88,0";"88,0";"87,0";"8,8";"9,1";"8,6";"1024,7";"1024,8";"1024,1";"1,3";"257,0";"2,6";"";"0,0"
"22/05/2026";"0900";"10,7";"11,0";"10,6";"88,0";"89,0";"88,0";"8,9";"9,2";"8,7";"1025,5";"1025,6";"1024,7";"2,1";"176,0";"3,5";"";"0,0"
"22/05/2026";"1000";"10,8";"10,9";"10,5";"89,0";"89,0";"88,0";"9,1";"9,1";"8,7";"1025,7";"1025,7";"1025,5";"0,2";"195,0";"3,5";"1,10";"0,0"
"22/05/2026";"1100";"11,4";"11,4";"10,8";"90,0";"90,0";"89,0";"9,8";"9,8";"9,1";"1026,4";"1026,4";"1025,7";"1,0";"198,0";"2,2";"180,50";"0,0"
"22/05/2026";"1200";"13,1";"13,1";"11,4";"89,0";"90,0";"89,0";"11,3";"11,4";"9,8";"1026,5";"1026,5";"1026,2";"2,0";"241,0";"4,0";"668,80";"0,0"
"22/05/2026";"1300";"14,7";"14,7";"13,1";"85,0";"89,0";"85,0";"12,3";"12,4";"11,2";"1026,7";"1026,8";"1026,5";"1,8";"235,0";"4,3";"1610,00";"0,0"
"22/05/2026";"1400";"16,9";"17,0";"14,7";"80,0";"85,0";"80,0";"13,5";"13,9";"12,2";"1026,4";"1026,7";"1026,4";"0,7";"234,0";"3,4";"2042,60";"0,0"
"22/05/2026";"1500";"18,2";"18,6";"16,9";"73,0";"81,0";"73,0";"13,4";"14,3";"13,3";"1025,4";"1026,4";"1025,4";"1,5";"13,0";"4,6";"2241,90";"0,0"
"22/05/2026";"1600";"19,0";"19,5";"18,1";"69,0";"74,0";"69,0";"13,1";"14,1";"13,1";"1024,4";"1025,4";"1024,4";"2,4";"66,0";"4,3";"2310,50";"0,0"
"22/05/2026";"1700";"19,1";"19,5";"18,9";"66,0";"69,0";"66,0";"12,6";"13,6";"12,6";"1023,6";"1024,4";"1023,5";"2,6";"76,0";"4,8";"1944,60";"0,0"
"22/05/2026";"1800";"18,4";"20,0";"18,4";"67,0";"67,0";"64,0";"12,1";"13,4";"11,9";"1023,2";"1023,8";"1023,2";"2,9";"84,0";"4,8";"1235,00";"0,0"
"22/05/2026";"1900";"17,9";"18,4";"17,8";"67,0";"68,0";"67,0";"11,6";"12,3";"11,6";"1023,4";"1023,4";"1022,8";"1,6";"110,0";"4,9";"545,70";"0,0"
"22/05/2026";"2000";"17,0";"17,9";"17,0";"70,0";"70,0";"67,0";"11,6";"11,9";"11,4";"1025,8";"1026,1";"1023,4";"0,5";"197,0";"3,4";"55,20";"0,0"
"22/05/2026";"2100";"15,5";"17,0";"15,5";"76,0";"76,0";"70,0";"11,3";"11,8";"11,3";"1025,2";"1025,9";"1025,1";"0,9";"174,0";"3,0";"";"1,0"
"22/05/2026";"2200";"14,6";"15,5";"14,6";"81,0";"81,0";"76,0";"11,3";"11,6";"11,2";"1024,9";"1025,4";"1024,6";"1,4";"200,0";"4,0";"";"2,4"
"22/05/2026";"2300";"14,4";"14,7";"14,4";"83,0";"83,0";"81,0";"11,6";"11,6";"11,3";"1024,7";"1025,0";"1024,7";"0,6";"212,0";"4,4";"";"0,6"
"23/05/2026";"0000";"14,2";"14,4";"14,2";"85,0";"85,0";"83,0";"11,7";"11,7";"11,4";"1025,3";"1025,5";"1024,7";"0,7";"251,0";"2,4";"";"0,4"
"23/05/2026";"0100";"14,1";"14,2";"14,1";"86,0";"86,0";"85,0";"11,8";"11,9";"11,7";"1024,9";"1025,3";"1024,6";"0,1";"233,0";"2,8";"";"0,6"
"23/05/2026";"0200";"14,1";"14,2";"14,0";"87,0";"87,0";"86,0";"12,0";"12,0";"11,8";"1024,6";"1024,9";"1024,3";"0,8";"266,0";"2,1";"";"0,6"
"23/05/2026";"0300";"14,1";"14,1";"14,0";"88,0";"88,0";"87,0";"12,1";"12,1";"12,0";"1024,4";"1025,1";"1024,4";"0,6";"233,0";"3,8";"";"0,6"
"23/05/2026";"0400";"14,0";"14,1";"14,0";"89,0";"89,0";"88,0";"12,2";"12,3";"12,0";"1024,4";"1024,7";"1024,0";"0,8";"194,0";"2,3";"";"0,6"
"23/05/2026";"0500";"13,7";"14,0";"13,7";"89,0";"89,0";"89,0";"12,0";"12,2";"12,0";"1024,1";"1024,6";"1023,8";"0,8";"211,0";"2,9";"";"4,4"
"23/05/2026";"0600";"13,3";"13,7";"13,2";"90,0";"90,0";"89,0";"11,6";"12,0";"11,6";"1023,4";"1024,1";"1023,4";"1,2";"214,0";"4,7";"";"2,2"
"23/05/2026";"0700";"13,2";"13,3";"13,1";"90,0";"90,0";"90,0";"11,7";"11,7";"11,6";"1023,1";"1023,6";"1023,0";"1,2";"215,0";"4,3";"";"1,0"
"23/05/2026";"0800";"13,3";"13,4";"13,2";"91,0";"91,0";"90,0";"11,8";"11,9";"11,7";"1022,8";"1023,4";"1022,4";"0,8";"233,0";"2,8";"";"3,2"
"23/05/2026";"0900";"13,2";"13,3";"13,2";"91,0";"91,0";"91,0";"11,8";"11,8";"11,7";"1023,3";"1023,3";"1022,8";"0,9";"226,0";"3,3";"";"3,2"
"23/05/2026";"1000";"13,2";"13,3";"13,2";"91,0";"91,0";"91,0";"11,8";"11,9";"11,8";"1023,5";"1023,6";"1023,3";"0,8";"224,0";"3,1";"";"0,2"
"23/05/2026";"1100";"13,5";"13,5";"13,2";"92,0";"92,0";"91,0";"12,2";"12,2";"11,8";"1023,8";"1023,9";"1023,4";"1,0";"215,0";"2,4";"101,30";"0,2"
"23/05/2026";"1200";"13,9";"14,0";"13,4";"92,0";"92,0";"92,0";"12,6";"12,7";"12,0";"1023,8";"1023,9";"1023,7";"1,3";"230,0";"3,2";"303,50";"0,4"
"23/05/2026";"1300";"14,1";"14,5";"13,8";"91,0";"92,0";"91,0";"12,7";"13,2";"12,5";"1024,2";"1024,3";"1023,8";"2,1";"250,0";"3,4";"449,70";"0,0"
"23/05/2026";"1400";"15,0";"15,0";"14,1";"91,0";"92,0";"91,0";"13,6";"13,6";"12,7";"1023,6";"1024,2";"1023,6";"1,8";"237,0";"3,7";"644,90";"0,0"
"23/05/2026";"1500";"15,3";"15,3";"14,9";"91,0";"91,0";"91,0";"13,7";"13,8";"13,4";"1023,1";"1023,6";"1023,1";"1,4";"226,0";"3,5";"561,70";"0,0"
"23/05/2026";"1600";"15,7";"15,7";"15,1";"90,0";"91,0";"90,0";"14,0";"14,1";"13,5";"1022,0";"1023,1";"1022,0";"1,1";"211,0";"4,1";"561,60";"0,0"
"23/05/2026";"1700";"16,3";"16,3";"15,7";"89,0";"90,0";"89,0";"14,5";"14,6";"14,1";"1021,4";"1022,0";"1021,4";"1,0";"241,0";"3,3";"757,20";"0,0"
"23/05/2026";"1800";"16,5";"16,6";"16,1";"88,0";"89,0";"88,0";"14,6";"14,6";"14,3";"1021,0";"1021,4";"1021,0";"0,2";"247,0";"2,2";"363,50";"0,0"
"23/05/2026";"1900";"17,0";"17,0";"16,5";"88,0";"89,0";"88,0";"15,0";"15,0";"14,6";"1020,7";"1021,0";"1020,7";"1,0";"95,0";"2,0";"413,30";"0,0"
"23/05/2026";"2000";"16,5";"17,0";"16,5";"88,0";"88,0";"88,0";"14,5";"14,9";"14,5";"1020,8";"1020,8";"1020,6";"0,4";"90,0";"2,2";"196,60";"0,0"
"23/05/2026";"2100";"16,5";"16,7";"16,4";"89,0";"89,0";"88,0";"14,6";"14,7";"14,5";"1020,9";"1021,0";"1020,8";"0,0";"336,0";"1,3";"18,80";"0,0"
"23/05/2026";"2200";"16,4";"16,5";"16,4";"89,0";"89,0";"89,0";"14,6";"14,7";"14,6";"1020,8";"1021,0";"1020,7";"0,1";"156,0";"1,0";"";"0,0"
"23/05/2026";"2300";"16,1";"16,4";"16,0";"90,0";"90,0";"89,0";"14,5";"14,6";"14,5";"1021,0";"1021,0";"1020,7";"0,4";"311,0";"1,2";"";"0,0"
"24/05/2026";"0000";"15,9";"16,1";"15,9";"91,0";"91,0";"90,0";"14,4";"14,5";"14,4";"1020,9";"1021,0";"1020,8";"0,4";"292,0";"1,3";"";"0,0"
"24/05/2026";"0100";"15,6";"15,9";"15,6";"91,0";"91,0";"91,0";"14,2";"14,4";"14,2";"1020,6";"1020,9";"1020,6";"0,0";"267,0";"0,9";"";"0,0"
"24/05/2026";"0200";"15,3";"15,6";"15,3";"92,0";"92,0";"91,0";"14,0";"14,2";"13,9";"1020,4";"1020,6";"1020,3";"0,3";"176,0";"1,0";"";"0,0"
"24/05/2026";"0300";"14,9";"15,3";"14,9";"92,0";"92,0";"92,0";"13,7";"14,0";"13,6";"1020,3";"1020,5";"1020,2";"0,0";"306,0";"1,8";"";"0,0"
"24/05/2026";"0400";"14,6";"15,0";"14,6";"93,0";"93,0";"92,0";"13,4";"13,8";"13,4";"1019,6";"1020,3";"1019,5";"0,8";"257,0";"1,3";"";"0,0"
"24/05/2026";"0500";"14,9";"14,9";"14,5";"93,0";"93,0";"93,0";"13,8";"13,8";"13,3";"1019,4";"1019,8";"1019,4";"1,5";"191,0";"2,9";"";"0,0"
"24/05/2026";"0600";"14,9";"15,0";"14,8";"93,0";"93,0";"93,0";"13,8";"13,8";"13,7";"1019,0";"1019,4";"1019,0";"1,9";"244,0";"3,6";"";"0,0"
"24/05/2026";"0700";"15,1";"15,1";"14,9";"93,0";"93,0";"93,0";"14,0";"14,0";"13,8";"1018,5";"1019,0";"1018,5";"1,1";"212,0";"3,6";"";"0,0"
"24/05/2026";"0800";"15,1";"15,1";"15,0";"93,0";"93,0";"93,0";"14,0";"14,0";"14,0";"1018,4";"1018,5";"1018,3";"0,7";"208,0";"3,0";"";"0,0"
"24/05/2026";"0900";"15,0";"15,1";"15,0";"94,0";"94,0";"93,0";"14,0";"14,1";"14,0";"1018,6";"1018,6";"1018,3";"0,9";"208,0";"4,0";"";"0,0"
"24/05/2026";"1000";"14,8";"15,0";"14,8";"94,0";"94,0";"94,0";"13,8";"14,0";"13,8";"1019,3";"1019,3";"1018,6";"0,2";"209,0";"3,0";"0,80";"0,0"
"24/05/2026";"1100";"15,3";"15,3";"14,8";"94,0";"94,0";"94,0";"14,3";"14,3";"13,8";"1019,7";"1019,7";"1019,3";"1,1";"218,0";"2,6";"158,80";"0,0"
"24/05/2026";"1200";"15,9";"16,1";"15,3";"93,0";"94,0";"92,0";"14,7";"15,0";"14,2";"1019,8";"1019,8";"1019,5";"2,1";"240,0";"3,8";"559,40";"0,0"
"24/05/2026";"1300";"17,2";"17,2";"15,8";"92,0";"93,0";"92,0";"15,8";"15,8";"14,6";"1020,1";"1020,1";"1019,7";"1,8";"221,0";"3,9";"946,70";"0,0"
"24/05/2026";"1400";"18,1";"18,1";"17,0";"89,0";"92,0";"88,0";"16,2";"16,3";"15,3";"1019,6";"1020,1";"1019,6";"1,1";"217,0";"4,4";"1452,90";"0,0"
"24/05/2026";"1500";"19,2";"19,4";"18,1";"86,0";"90,0";"86,0";"16,8";"17,3";"16,3";"1018,8";"1019,6";"1018,8";"1,3";"225,0";"4,0";"1813,10";"0,0"
"24/05/2026";"1600";"21,0";"21,0";"19,1";"82,0";"86,0";"81,0";"17,8";"17,8";"16,5";"1018,2";"1018,8";"1018,1";"1,4";"244,0";"3,3";"1999,90";"0,0"
"24/05/2026";"1700";"20,9";"21,2";"20,5";"79,0";"82,0";"79,0";"17,2";"17,7";"17,2";"1018,2";"1018,4";"1018,0";"0,8";"313,0";"3,3";"995,90";"0,0"
"24/05/2026";"1800";"20,1";"21,2";"20,0";"80,0";"80,0";"79,0";"16,6";"17,5";"16,4";"1017,9";"1018,2";"1017,9";"2,6";"82,0";"8,3";"505,50";"0,0"
"24/05/2026";"1900";"20,0";"20,2";"20,0";"80,0";"80,0";"79,0";"16,4";"16,7";"16,4";"1018,4";"1018,4";"1017,9";"1,1";"136,0";"4,9";"299,90";"0,0"
"24/05/2026";"2000";"19,3";"20,1";"19,3";"78,0";"80,0";"78,0";"15,4";"16,5";"15,4";"1018,6";"1018,8";"1018,4";"3,7";"142,0";"5,8";"107,30";"0,0"
"24/05/2026";"2100";"18,3";"19,3";"18,3";"79,0";"79,0";"78,0";"14,6";"15,4";"14,6";"1019,3";"1019,3";"1018,6";"1,3";"219,0";"7,6";"18,40";"0,0"
"24/05/2026";"2200";"18,1";"18,3";"18,1";"79,0";"79,0";"79,0";"14,5";"14,6";"14,5";"1020,5";"1020,5";"1019,3";"1,2";"200,0";"5,4";"";"0,0"
"24/05/2026";"2300";"17,0";"18,1";"17,0";"80,0";"81,0";"79,0";"13,6";"14,4";"13,6";"1021,0";"1021,0";"1020,4";"1,5";"224,0";"5,5";"";"0,0"
"25/05/2026";"0000";"16,7";"17,0";"16,6";"81,0";"81,0";"80,0";"13,3";"13,6";"13,3";"1021,4";"1021,4";"1021,0";"0,2";"126,0";"4,0";"";"0,0"
"25/05/2026";"0100";"15,8";"16,7";"15,8";"83,0";"83,0";"81,0";"12,9";"13,5";"12,9";"1021,2";"1021,5";"1021,1";"0,0";"227,0";"1,3";"";"0,0"
"25/05/2026";"0200";"15,5";"15,8";"15,5";"85,0";"85,0";"83,0";"12,9";"13,0";"12,8";"1021,3";"1021,4";"1021,2";"1,2";"174,0";"2,3";"";"0,0"
"25/05/2026";"0300";"15,5";"15,5";"15,4";"86,0";"86,0";"85,0";"13,1";"13,1";"12,9";"1021,1";"1021,4";"1021,1";"0,3";"185,0";"2,3";"";"0,0"
"25/05/2026";"0400";"15,2";"15,5";"15,2";"87,0";"87,0";"86,0";"13,0";"13,1";"13,0";"1021,1";"1021,2";"1020,9";"1,2";"225,0";"2,6";"";"0,0"
"25/05/2026";"0500";"14,7";"15,2";"14,7";"88,0";"88,0";"87,0";"12,7";"13,1";"12,6";"1020,8";"1021,1";"1020,8";"1,0";"219,0";"2,7";"";"0,0"
"25/05/2026";"0600";"14,1";"14,7";"14,1";"89,0";"89,0";"88,0";"12,3";"12,7";"12,2";"1020,4";"1020,8";"1020,2";"0,5";"224,0";"2,7";"";"0,0"
"25/05/2026";"0700";"14,0";"14,3";"13,9";"89,0";"89,0";"89,0";"12,2";"12,5";"12,1";"1020,6";"1020,6";"1020,3";"1,2";"186,0";"2,3";"";"0,0"
"25/05/2026";"0800";"14,1";"14,1";"13,9";"90,0";"90,0";"89,0";"12,5";"12,5";"12,1";"1020,1";"1020,6";"1020,0";"0,7";"213,0";"2,4";"";"0,0"
"25/05/2026";"0900";"14,4";"14,4";"14,1";"90,0";"90,0";"90,0";"12,7";"12,8";"12,5";"1020,5";"1020,5";"1020,1";"1,2";"176,0";"2,3";"";"0,0"
"25/05/2026";"1000";"14,6";"14,6";"14,4";"90,0";"90,0";"90,0";"13,0";"13,0";"12,7";"1021,4";"1021,4";"1020,5";"0,3";"195,0";"2,2";"0,80";"0,0"
"25/05/2026";"1100";"15,1";"15,1";"14,5";"91,0";"91,0";"90,0";"13,5";"13,5";"12,9";"1021,9";"1021,9";"1021,4";"0,5";"259,0";"1,8";"96,70";"0,0"
"25/05/2026";"1200";"15,8";"15,9";"15,1";"90,0";"91,0";"90,0";"14,2";"14,2";"13,6";"1022,8";"1022,8";"1021,9";"1,3";"233,0";"2,4";"307,50";"0,0"
"25/05/2026";"1300";"16,3";"16,5";"15,8";"89,0";"90,0";"89,0";"14,4";"14,7";"14,1";"1023,2";"1023,2";"1022,8";"1,1";"226,0";"3,5";"434,80";"0,0"
"25/05/2026";"1400";"17,3";"17,4";"16,3";"87,0";"89,0";"87,0";"15,2";"15,4";"14,4";"1022,4";"1023,2";"1022,4";"0,8";"235,0";"3,3";"703,40";"0,0"
"25/05/2026";"1500";"18,6";"19,1";"17,3";"84,0";"88,0";"84,0";"15,9";"16,7";"15,3";"1021,6";"1022,4";"1021,6";"0,9";"264,0";"2,8";"1306,30";"0,0"
"25/05/2026";"1600";"19,6";"19,6";"18,6";"82,0";"85,0";"82,0";"16,5";"16,6";"15,9";"1021,0";"1021,7";"1021,0";"1,0";"255,0";"2,5";"960,00";"0,0"
"25/05/2026";"1700";"19,7";"19,7";"19,4";"82,0";"83,0";"81,0";"16,5";"16,6";"16,2";"1020,4";"1021,0";"1020,4";"0,4";"217,0";"2,2";"548,10";"0,0"
"25/05/2026";"1800";"19,6";"19,7";"19,3";"81,0";"82,0";"81,0";"16,3";"16,4";"16,0";"1020,3";"1020,5";"1020,1";"0,0";"217,0";"1,6";"304,20";"0,0"
"25/05/2026";"1900";"19,3";"19,6";"19,2";"82,0";"82,0";"81,0";"16,1";"16,4";"16,0";"1020,6";"1020,7";"1020,3";"0,8";"235,0";"2,4";"244,10";"0,0"
"25/05/2026";"2000";"19,1";"19,4";"19,0";"84,0";"84,0";"82,0";"16,3";"16,4";"16,1";"1020,5";"1020,7";"1020,5";"0,2";"243,0";"2,4";"220,50";"0,0"
"25/05/2026";"2100";"18,3";"19,1";"18,3";"85,0";"85,0";"84,0";"15,7";"16,3";"15,7";"1020,4";"1020,5";"1020,3";"0,0";"237,0";"1,4";"22,70";"0,0"
"25/05/2026";"2200";"17,9";"18,3";"17,8";"86,0";"86,0";"85,0";"15,5";"15,7";"15,5";"1021,3";"1021,3";"1020,3";"0,0";"225,0";"0,0";"";"0,0"
"25/05/2026";"2300";"18,0";"18,0";"17,7";"87,0";"87,0";"86,0";"15,8";"15,8";"15,4";"1021,4";"1021,6";"1021,2";"0,4";"209,0";"1,1";"";"0,0"
"26/05/2026";"0000";"17,6";"17,9";"17,6";"88,0";"88,0";"87,0";"15,6";"15,8";"15,6";"1021,5";"1021,5";"1021,2";"0,1";"215,0";"1,1";"";"0,0"
"26/05/2026";"0100";"17,5";"17,6";"17,5";"89,0";"89,0";"88,0";"15,7";"15,7";"15,5";"1021,4";"1021,8";"1021,0";"0,0";"210,0";"1,1";"";"0,0"
"26/05/2026";"0200";"17,4";"17,6";"17,4";"89,0";"89,0";"89,0";"15,6";"15,7";"15,6";"1021,5";"1021,7";"1021,3";"0,4";"224,0";"1,3";"";"0,0"
"26/05/2026";"0300";"17,3";"17,4";"17,3";"90,0";"90,0";"89,0";"15,6";"15,7";"15,6";"1021,1";"1021,5";"1021,1";"0,3";"215,0";"1,6";"";"0,0"
"26/05/2026";"0400";"17,1";"17,3";"17,1";"90,0";"90,0";"90,0";"15,5";"15,6";"15,5";"1020,6";"1021,2";"1020,6";"0,1";"241,0";"2,3";"";"0,0"
"26/05/2026";"0500";"17,1";"17,2";"17,1";"91,0";"91,0";"90,0";"15,5";"15,6";"15,5";"1020,5";"1020,9";"1020,4";"0,4";"203,0";"1,1";"";"0,0"
"26/05/2026";"0600";"17,1";"17,1";"17,1";"91,0";"91,0";"91,0";"15,6";"15,6";"15,5";"1020,4";"1020,5";"1020,2";"0,7";"241,0";"2,0";"";"0,0"
"26/05/2026";"0700";"17,0";"17,1";"17,0";"91,0";"91,0";"91,0";"15,6";"15,6";"15,6";"1019,6";"1020,5";"1019,6";"0,2";"13,0";"2,5";"";"0,2"
"26/05/2026";"0800";"17,0";"17,0";"16,9";"92,0";"92,0";"91,0";"15,6";"15,7";"15,5";"1018,1";"1019,8";"1018,1";"1,1";"29,0";"2,3";"";"0,0"
"26/05/2026";"0900";"17,0";"17,1";"17,0";"92,0";"92,0";"92,0";"15,7";"15,7";"15,6";"1018,9";"1018,9";"1018,1";"1,4";"287,0";"2,8";"";"0,0"
"26/05/2026";"1000";"17,1";"17,1";"17,0";"92,0";"92,0";"92,0";"15,8";"15,8";"15,7";"1019,2";"1019,2";"1018,8";"0,3";"248,0";"2,8";"";"0,2"
"26/05/2026";"1100";"17,2";"17,2";"17,0";"92,0";"93,0";"92,0";"16,0";"16,0";"15,8";"1020,2";"1020,2";"1019,0";"0,6";"229,0";"1,9";"23,50";"0,4"
"26/05/2026";"1200";"17,3";"17,3";"17,1";"93,0";"93,0";"92,0";"16,1";"16,1";"15,9";"1019,8";"1020,4";"1019,8";"0,9";"159,0";"2,4";"63,10";"1,6"
"26/05/2026";"1300";"17,9";"18,1";"17,3";"93,0";"93,0";"92,0";"16,7";"16,9";"16,1";"1020,2";"1020,2";"1019,6";"0,8";"287,0";"2,3";"327,00";"1,0"
"26/05/2026";"1400";"18,2";"18,3";"17,9";"93,0";"93,0";"92,0";"17,0";"17,0";"16,7";"1020,3";"1020,4";"1020,0";"1,4";"242,0";"2,4";"305,10";"0,4"
"26/05/2026";"1500";"17,9";"18,2";"17,9";"93,0";"93,0";"93,0";"16,8";"17,0";"16,8";"1019,3";"1020,3";"1019,1";"0,5";"272,0";"2,4";"70,80";"3,2"
"26/05/2026";"1600";"18,3";"18,4";"17,9";"93,0";"93,0";"93,0";"17,1";"17,2";"16,8";"1018,0";"1019,3";"1017,9";"0,1";"329,0";"1,8";"293,90";"3,6"
"26/05/2026";"1700";"18,6";"18,8";"18,3";"92,0";"93,0";"92,0";"17,3";"17,6";"17,1";"1017,2";"1018,0";"1017,0";"1,6";"252,0";"3,2";"661,50";"0,4"
"26/05/2026";"1800";"18,5";"18,7";"18,4";"92,0";"93,0";"92,0";"17,2";"17,4";"17,1";"1016,1";"1017,2";"1016,1";"0,5";"163,0";"4,0";"389,40";"0,8"
"26/05/2026";"1900";"18,7";"18,9";"18,5";"92,0";"93,0";"92,0";"17,3";"17,6";"17,3";"1015,5";"1016,1";"1015,5";"2,0";"252,0";"3,5";"408,70";"0,2"
"26/05/2026";"2000";"18,9";"19,0";"18,6";"92,0";"92,0";"92,0";"17,6";"17,7";"17,3";"1015,6";"1015,6";"1015,2";"1,1";"238,0";"3,3";"290,70";"0,0"
"26/05/2026";"2100";"17,8";"19,1";"17,8";"93,0";"93,0";"91,0";"16,6";"17,8";"16,6";"1015,3";"1015,7";"1015,2";"0,1";"330,0";"2,3";"42,00";"0,0"
"26/05/2026";"2200";"17,6";"17,8";"17,5";"93,0";"93,0";"93,0";"16,4";"16,6";"16,3";"1015,9";"1016,0";"1015,3";"0,2";"219,0";"1,3";"";"0,0"
"26/05/2026";"2300";"17,2";"17,6";"16,9";"93,0";"94,0";"93,0";"16,2";"16,4";"15,8";"1016,3";"1016,4";"1015,9";"1,0";"166,0";"1,7";"";"0,0"
"27/05/2026";"0000";"16,3";"17,3";"16,3";"94,0";"94,0";"93,0";"15,2";"16,2";"15,2";"1016,5";"1016,6";"1016,3";"0,7";"235,0";"2,1";"";"0,0"
"27/05/2026";"0100";"17,2";"17,2";"16,2";"94,0";"94,0";"94,0";"16,2";"16,2";"15,2";"1016,9";"1016,9";"1016,4";"0,9";"216,0";"2,7";"";"0,0"
"27/05/2026";"0200";"17,5";"17,5";"17,2";"94,0";"94,0";"94,0";"16,5";"16,5";"16,2";"1017,1";"1017,2";"1016,8";"0,3";"202,0";"2,2";"";"0,0"
"27/05/2026";"0300";"17,3";"17,5";"17,3";"94,0";"94,0";"94,0";"16,3";"16,5";"16,3";"1017,4";"1017,5";"1017,1";"0,7";"272,0";"2,3";"";"0,0"
"27/05/2026";"0400";"17,0";"17,3";"17,0";"94,0";"94,0";"94,0";"16,0";"16,3";"16,0";"1017,1";"1017,4";"1016,9";"0,0";"250,0";"1,7";"";"0,0"
"27/05/2026";"0500";"17,0";"17,1";"17,0";"94,0";"94,0";"94,0";"16,1";"16,2";"16,1";"1016,9";"1017,1";"1016,9";"0,5";"248,0";"1,6";"";"0,0"
"27/05/2026";"0600";"16,8";"17,1";"16,8";"94,0";"94,0";"94,0";"15,9";"16,1";"15,9";"1016,4";"1016,9";"1016,3";"0,4";"258,0";"2,4";"";"0,0"
"27/05/2026";"0700";"16,7";"16,9";"16,6";"95,0";"95,0";"94,0";"15,8";"16,0";"15,7";"1016,2";"1016,4";"1016,1";"1,4";"255,0";"2,7";"";"0,0"
"27/05/2026";"0800";"16,7";"16,8";"16,6";"95,0";"95,0";"95,0";"15,9";"15,9";"15,8";"1016,2";"1016,3";"1016,1";"1,1";"183,0";"4,2";"";"0,2"
"27/05/2026";"0900";"16,4";"16,7";"16,4";"95,0";"95,0";"95,0";"15,6";"15,9";"15,5";"1016,9";"1016,9";"1016,2";"1,8";"233,0";"4,1";"";"0,0"
"27/05/2026";"1000";"16,3";"16,5";"16,3";"95,0";"95,0";"95,0";"15,4";"15,6";"15,4";"1017,7";"1017,7";"1016,9";"2,0";"242,0";"4,4";"0,40";"0,0"
"27/05/2026";"1100";"16,4";"16,5";"16,2";"95,0";"95,0";"95,0";"15,5";"15,6";"15,4";"1018,7";"1018,7";"1017,7";"1,3";"240,0";"4,0";"61,90";"0,0"
"27/05/2026";"1200";"16,9";"16,9";"16,2";"94,0";"95,0";"94,0";"16,0";"16,1";"15,3";"1019,4";"1019,4";"1018,7";"1,7";"232,0";"4,1";"588,30";"0,0"
"27/05/2026";"1300";"17,9";"17,9";"16,7";"93,0";"94,0";"93,0";"16,8";"16,8";"15,8";"1019,8";"1019,8";"1019,4";"1,4";"233,0";"4,2";"1581,10";"0,0"
"27/05/2026";"1400";"18,8";"18,8";"17,6";"91,0";"93,0";"90,0";"17,2";"17,3";"16,3";"1019,7";"1019,8";"1019,7";"1,1";"196,0";"4,6";"2060,90";"0,0"
"27/05/2026";"1500";"19,6";"20,0";"18,7";"86,0";"91,0";"86,0";"17,2";"18,3";"17,1";"1019,2";"1019,7";"1019,2";"1,8";"244,0";"3,3";"2347,00";"0,0"
"27/05/2026";"1600";"21,2";"21,5";"19,6";"83,0";"87,0";"83,0";"18,3";"18,8";"17,4";"1018,4";"1019,1";"1018,4";"0,7";"259,0";"3,6";"2171,80";"0,0"
"27/05/2026";"1700";"22,2";"22,6";"21,2";"80,0";"83,0";"79,0";"18,6";"19,0";"18,0";"1017,8";"1018,4";"1017,8";"2,4";"42,0";"4,2";"2141,30";"0,0"
"27/05/2026";"1800";"22,4";"22,4";"21,7";"78,0";"80,0";"78,0";"18,4";"18,6";"17,9";"1017,7";"1017,8";"1017,7";"1,5";"89,0";"4,7";"1910,10";"0,0"
"27/05/2026";"1900";"21,2";"22,4";"21,0";"77,0";"78,0";"76,0";"17,0";"18,3";"16,7";"1018,0";"1018,0";"1017,7";"2,6";"86,0";"5,0";"1252,20";"0,0"
"27/05/2026";"2000";"20,3";"21,2";"20,3";"78,0";"78,0";"77,0";"16,3";"17,0";"16,2";"1018,6";"1018,6";"1018,0";"2,2";"96,0";"4,7";"565,10";"0,0"
"27/05/2026";"2100";"18,7";"20,3";"18,7";"80,0";"80,0";"77,0";"15,1";"16,3";"15,1";"1019,1";"1019,1";"1018,6";"1,7";"82,0";"4,3";"40,20";"0,0"
"27/05/2026";"2200";"17,7";"18,7";"17,6";"81,0";"82,0";"80,0";"14,5";"15,1";"14,4";"1019,6";"1019,6";"1019,1";"0,7";"115,0";"3,2";"";"0,0"
"27/05/2026";"2300";"17,9";"18,1";"16,9";"79,0";"82,0";"79,0";"14,2";"14,4";"13,8";"1020,2";"1020,2";"1019,6";"1,9";"178,0";"5,3";"";"0,0"
"28/05/2026";"0000";"16,3";"17,9";"16,3";"82,0";"82,0";"79,0";"13,2";"14,2";"13,2";"1020,7";"1020,7";"1020,2";"0,2";"265,0";"5,3";"";"0,0"
"28/05/2026";"0100";"15,8";"16,3";"15,5";"84,0";"84,0";"82,0";"13,1";"13,2";"12,8";"1021,2";"1021,2";"1020,7";"0,0";"139,0";"1,4";"";"0,0"
"28/05/2026";"0200";"15,9";"15,9";"15,6";"85,0";"85,0";"84,0";"13,5";"13,5";"13,0";"1021,4";"1021,4";"1021,3";"1,1";"316,0";"2,3";"";"0,0"
"28/05/2026";"0300";"15,7";"16,0";"15,7";"86,0";"86,0";"85,0";"13,3";"13,6";"13,3";"1021,4";"1021,5";"1021,3";"0,0";"238,0";"2,3";"";"0,0"
"28/05/2026";"0400";"15,1";"15,7";"15,1";"87,0";"87,0";"86,0";"13,0";"13,3";"13,0";"1021,0";"1021,4";"1021,0";"0,9";"152,0";"1,6";"";"0,0"
"28/05/2026";"0500";"13,9";"15,1";"13,9";"88,0";"88,0";"87,0";"12,0";"13,0";"12,0";"1020,9";"1021,1";"1020,8";"0,7";"211,0";"1,6";"";"0,0"
"28/05/2026";"0600";"13,2";"13,9";"12,9";"90,0";"90,0";"88,0";"11,5";"12,1";"11,2";"1021,0";"1021,1";"1020,9";"0,4";"199,0";"2,2";"";"0,0"
"28/05/2026";"0700";"12,5";"13,2";"12,3";"90,0";"90,0";"89,0";"11,0";"11,5";"10,6";"1020,9";"1021,1";"1020,9";"0,4";"206,0";"2,9";"";"0,0"
"28/05/2026";"0800";"12,9";"13,2";"12,5";"91,0";"91,0";"90,0";"11,4";"11,7";"11,0";"1020,3";"1020,9";"1020,3";"1,6";"227,0";"3,6";"";"0,0"
"28/05/2026";"0900";"13,2";"13,2";"12,9";"91,0";"91,0";"91,0";"11,8";"11,8";"11,4";"1020,8";"1020,8";"1020,2";"1,4";"223,0";"4,0";"";"0,0"
"28/05/2026";"1000";"13,3";"13,4";"13,2";"92,0";"92,0";"91,0";"12,0";"12,1";"11,8";"1021,4";"1021,4";"1020,8";"2,1";"240,0";"4,1";"0,70";"0,0"
"28/05/2026";"1100";"13,4";"13,5";"13,2";"92,0";"92,0";"92,0";"12,2";"12,3";"12,0";"1022,0";"1022,0";"1021,4";"2,5";"231,0";"5,0";"77,30";"0,0"
"28/05/2026";"1200";"14,8";"14,9";"13,4";"92,0";"93,0";"92,0";"13,5";"13,7";"12,2";"1022,2";"1022,3";"1022,0";"2,0";"241,0";"4,7";"773,30";"0,0"
"28/05/2026";"1300";"15,4";"15,5";"14,6";"91,0";"92,0";"91,0";"13,9";"14,1";"13,2";"1022,5";"1022,6";"1022,2";"3,1";"257,0";"4,9";"1566,30";"0,0"
"28/05/2026";"1400";"17,6";"17,6";"15,4";"89,0";"91,0";"89,0";"15,8";"15,8";"13,9";"1022,1";"1022,6";"1022,1";"2,7";"256,0";"5,4";"2047,00";"0,0"
"28/05/2026";"1500";"19,4";"19,4";"17,5";"84,0";"89,0";"83,0";"16,6";"16,8";"15,4";"1021,4";"1022,1";"1021,4";"1,8";"257,0";"4,4";"2335,30";"0,0"
"28/05/2026";"1600";"21,0";"21,0";"19,4";"78,0";"84,0";"78,0";"17,0";"17,1";"15,9";"1020,5";"1021,4";"1020,5";"0,6";"112,0";"3,2";"2213,90";"0,0"
"28/05/2026";"1700";"21,9";"22,1";"21,0";"73,0";"78,0";"72,0";"16,7";"17,5";"16,5";"1019,5";"1020,5";"1019,5";"1,1";"32,0";"3,7";"2317,30";"0,0"
"28/05/2026";"1800";"20,5";"22,0";"20,4";"72,0";"73,0";"71,0";"15,2";"16,9";"15,1";"1019,3";"1019,5";"1019,2";"3,0";"62,0";"4,6";"960,90";"0,0"
"28/05/2026";"1900";"20,3";"20,8";"20,1";"71,0";"72,0";"70,0";"14,9";"15,4";"14,7";"1019,3";"1019,3";"1019,1";"3,0";"66,0";"4,9";"753,80";"0,0"
"28/05/2026";"2000";"19,3";"20,3";"19,3";"74,0";"74,0";"71,0";"14,5";"14,8";"14,4";"1019,5";"1019,5";"1019,3";"1,7";"72,0";"4,8";"296,80";"0,0"
"28/05/2026";"2100";"17,3";"19,3";"17,3";"78,0";"78,0";"74,0";"13,5";"14,6";"13,4";"1020,0";"1020,0";"1019,5";"0,2";"337,0";"4,0";"37,10";"0,0"
"28/05/2026";"2200";"16,0";"17,3";"16,0";"82,0";"82,0";"78,0";"12,9";"13,5";"12,8";"1020,7";"1020,7";"1020,0";"0,0";"11,0";"1,3";"";"0,0"
"28/05/2026";"2300";"15,1";"16,0";"15,0";"84,0";"84,0";"82,0";"12,4";"12,9";"12,3";"1021,0";"1021,0";"1020,7";"0,0";"148,0";"0,5";"";"0,0"
"29/05/2026";"0000";"14,5";"15,1";"14,5";"86,0";"86,0";"84,0";"12,1";"12,5";"12,1";"1021,6";"1021,6";"1021,0";"0,2";"216,0";"1,5";"";"0,0"
"29/05/2026";"0100";"14,1";"14,5";"14,1";"87,0";"87,0";"86,0";"11,9";"12,1";"11,9";"1021,8";"1021,8";"1021,6";"0,9";"170,0";"1,5";"";"0,0"
"29/05/2026";"0200";"13,2";"14,1";"13,2";"88,0";"88,0";"87,0";"11,3";"11,9";"11,2";"1021,8";"1021,8";"1021,6";"1,0";"221,0";"2,5";"";"0,0"
"29/05/2026";"0300";"12,9";"13,3";"12,8";"89,0";"89,0";"88,0";"11,1";"11,4";"11,0";"1021,9";"1021,9";"1021,8";"1,2";"184,0";"2,8";"";"0,0"
"29/05/2026";"0400";"12,8";"12,9";"12,8";"89,0";"89,0";"89,0";"11,1";"11,2";"11,0";"1021,6";"1021,9";"1021,6";"0,5";"192,0";"2,0";"";"0,0"
"29/05/2026";"0500";"13,0";"13,0";"12,5";"90,0";"90,0";"89,0";"11,3";"11,5";"10,8";"1021,4";"1021,6";"1021,4";"1,9";"181,0";"3,0";"";"0,0"
"29/05/2026";"0600";"13,0";"13,1";"12,9";"90,0";"90,0";"90,0";"11,5";"11,6";"11,3";"1020,9";"1021,4";"1020,8";"0,5";"225,0";"3,4";"";"0,0"
"29/05/2026";"0700";"13,3";"13,3";"13,0";"91,0";"91,0";"90,0";"11,8";"11,8";"11,4";"1020,8";"1020,9";"1020,7";"1,1";"182,0";"2,4";"";"0,0"
"29/05/2026";"0800";"13,8";"13,8";"13,3";"91,0";"91,0";"91,0";"12,3";"12,3";"11,8";"1020,8";"1020,8";"1020,7";"0,9";"180,0";"2,3";"";"0,0"
"29/05/2026";"0900";"13,7";"13,8";"13,6";"91,0";"91,0";"91,0";"12,3";"12,3";"12,2";"1021,3";"1021,3";"1020,8";"0,8";"189,0";"2,0";"";"0,0"
"29/05/2026";"1000";"13,8";"13,9";"13,7";"91,0";"91,0";"91,0";"12,4";"12,5";"12,3";"1021,7";"1021,7";"1021,3";"0,7";"180,0";"1,8";"";"0,0"
"29/05/2026";"1100";"14,4";"14,4";"13,8";"91,0";"91,0";"91,0";"13,0";"13,0";"12,5";"1022,2";"1022,2";"1021,7";"0,9";"181,0";"1,7";"113,50";"0,0"
"29/05/2026";"1200";"15,4";"15,4";"14,4";"91,0";"91,0";"91,0";"13,9";"13,9";"13,0";"1022,5";"1022,5";"1022,1";"1,2";"217,0";"2,5";"479,10";"0,0"
"29/05/2026";"1300";"17,2";"17,2";"15,4";"89,0";"91,0";"89,0";"15,4";"15,4";"13,8";"1022,9";"1022,9";"1022,5";"1,3";"247,0";"2,8";"1238,00";"0,0"
"29/05/2026";"1400";"19,3";"19,3";"17,1";"85,0";"89,0";"84,0";"16,6";"16,7";"15,2";"1022,8";"1023,0";"1022,7";"0,3";"305,0";"2,8";"1826,20";"0,0"
"29/05/2026";"1500";"20,8";"21,0";"19,3";"79,0";"85,0";"79,0";"17,0";"17,4";"16,3";"1021,9";"1022,8";"1021,9";"1,1";"336,0";"3,4";"2076,70";"0,0"
"29/05/2026";"1600";"21,1";"21,1";"20,3";"75,0";"79,0";"75,0";"16,5";"17,1";"16,0";"1020,9";"1021,9";"1020,9";"3,4";"30,0";"5,3";"1353,10";"0,0"
"29/05/2026";"1700";"20,7";"21,5";"20,4";"74,0";"75,0";"73,0";"15,9";"16,7";"15,4";"1020,5";"1020,9";"1020,5";"3,5";"54,0";"6,1";"1939,60";"0,0"
"29/05/2026";"1800";"20,0";"20,8";"19,9";"73,0";"74,0";"72,0";"14,9";"15,9";"14,8";"1020,3";"1020,5";"1020,2";"4,1";"89,0";"6,2";"971,00";"0,0"
"29/05/2026";"1900";"19,9";"20,5";"19,8";"70,0";"73,0";"69,0";"14,2";"15,2";"14,1";"1019,9";"1020,5";"1019,9";"2,5";"72,0";"6,2";"1064,80";"0,0"
"29/05/2026";"2000";"19,1";"19,9";"19,1";"72,0";"72,0";"70,0";"13,9";"14,2";"13,8";"1020,4";"1020,4";"1019,9";"1,6";"95,0";"4,7";"212,60";"0,0"
"29/05/2026";"2100";"18,0";"19,2";"18,0";"77,0";"77,0";"72,0";"14,0";"14,1";"13,8";"1020,7";"1020,7";"1020,3";"1,5";"82,0";"3,7";"18,60";"0,0"
"29/05/2026";"2200";"17,1";"18,0";"17,1";"81,0";"81,0";"77,0";"13,8";"14,0";"13,6";"1021,3";"1021,4";"1020,7";"1,2";"55,0";"3,7";"";"0,0"
"29/05/2026";"2300";"16,4";"17,2";"16,3";"83,0";"83,0";"81,0";"13,5";"14,0";"13,3";"1021,7";"1021,7";"1021,3";"0,0";"301,0";"2,0";"";"0,0"
"30/05/2026";"0000";"15,7";"16,4";"15,6";"85,0";"85,0";"83,0";"13,2";"13,6";"13,1";"1021,8";"1021,8";"1021,5";"1,0";"266,0";"1,3";"";"0,0"
"30/05/2026";"0100";"15,3";"16,0";"15,3";"86,0";"86,0";"85,0";"13,0";"13,7";"13,0";"1021,6";"1021,9";"1021,5";"1,3";"231,0";"2,6";"";"0,0"
"30/05/2026";"0200";"15,2";"15,3";"15,0";"87,0";"87,0";"86,0";"13,1";"13,1";"12,8";"1021,8";"1021,9";"1021,6";"0,0";"206,0";"2,6";"";"0,0"
"30/05/2026";"0300";"14,4";"15,2";"14,4";"88,0";"88,0";"87,0";"12,4";"13,0";"12,4";"1021,6";"1021,9";"1021,4";"0,3";"249,0";"1,6";"";"0,0"
"30/05/2026";"0400";"14,2";"14,4";"14,1";"89,0";"89,0";"88,0";"12,4";"12,6";"12,2";"1021,4";"1021,7";"1021,2";"0,7";"222,0";"1,6";"";"0,0"
"30/05/2026";"0500";"14,3";"14,4";"14,1";"89,0";"89,0";"89,0";"12,6";"12,6";"12,3";"1021,1";"1021,6";"1021,0";"1,2";"171,0";"2,3";"";"0,0"
"30/05/2026";"0600";"14,3";"14,4";"14,2";"90,0";"90,0";"89,0";"12,7";"12,7";"12,6";"1020,3";"1021,1";"1020,2";"0,2";"180,0";"2,2";"";"0,0"
"30/05/2026";"0700";"14,4";"14,4";"14,2";"90,0";"90,0";"90,0";"12,8";"12,8";"12,6";"1020,5";"1020,7";"1020,2";"0,5";"216,0";"2,5";"";"0,0"
"30/05/2026";"0800";"14,7";"14,7";"14,4";"91,0";"91,0";"90,0";"13,2";"13,2";"12,8";"1020,8";"1020,8";"1020,5";"1,5";"223,0";"2,8";"";"0,0"
"30/05/2026";"0900";"14,8";"14,8";"14,7";"91,0";"91,0";"91,0";"13,3";"13,4";"13,2";"1021,2";"1021,4";"1020,8";"1,2";"204,0";"2,8";"";"0,0"
"30/05/2026";"1000";"14,8";"14,9";"14,8";"91,0";"91,0";"91,0";"13,3";"13,4";"13,3";"1021,3";"1021,4";"1021,2";"0,7";"243,0";"2,3";"";"0,2"
"30/05/2026";"1100";"14,9";"14,9";"14,7";"91,0";"91,0";"91,0";"13,5";"13,5";"13,3";"1021,2";"1021,3";"1021,1";"0,4";"165,0";"1,8";"94,60";"0,0"
"30/05/2026";"1200";"15,8";"15,8";"14,9";"91,0";"92,0";"91,0";"14,3";"14,3";"13,5";"1021,2";"1021,2";"1020,7";"0,8";"186,0";"1,8";"400,50";"0,0"
"30/05/2026";"1300";"16,7";"16,9";"15,7";"90,0";"91,0";"90,0";"15,0";"15,4";"14,2";"1022,1";"1022,2";"1021,2";"1,3";"242,0";"3,9";"626,20";"0,0"
"30/05/2026";"1400";"17,5";"17,6";"16,7";"88,0";"90,0";"88,0";"15,4";"15,6";"15,0";"1021,7";"1022,2";"1021,6";"1,9";"249,0";"3,6";"1164,20";"0,0"
"30/05/2026";"1500";"19,5";"19,6";"17,5";"82,0";"89,0";"82,0";"16,4";"16,7";"15,5";"1021,0";"1021,7";"1021,0";"0,7";"300,0";"3,6";"2292,30";"0,0"
"30/05/2026";"1600";"21,2";"21,2";"19,4";"78,0";"83,0";"78,0";"17,3";"17,3";"16,2";"1019,7";"1021,0";"1019,7";"1,1";"127,0";"3,2";"2273,40";"0,0"
"30/05/2026";"1700";"21,5";"22,1";"20,4";"74,0";"79,0";"73,0";"16,8";"17,6";"16,3";"1019,2";"1019,7";"1019,2";"1,4";"282,0";"2,6";"2080,10";"0,0"
"30/05/2026";"1800";"20,2";"22,1";"20,1";"75,0";"76,0";"72,0";"15,7";"17,3";"15,6";"1019,0";"1019,2";"1018,9";"2,5";"93,0";"5,5";"852,70";"0,0"
"30/05/2026";"1900";"19,8";"20,9";"19,8";"75,0";"76,0";"74,0";"15,3";"16,3";"15,2";"1019,0";"1019,1";"1019,0";"2,9";"90,0";"4,8";"945,00";"0,0"
"30/05/2026";"2000";"18,9";"19,9";"18,9";"76,0";"76,0";"75,0";"14,5";"15,4";"14,5";"1019,5";"1019,5";"1019,0";"2,2";"59,0";"4,6";"215,60";"0,0"
"30/05/2026";"2100";"17,9";"18,9";"17,9";"79,0";"79,0";"76,0";"14,2";"14,4";"14,1";"1019,9";"1019,9";"1019,4";"1,6";"81,0";"3,8";"24,10";"0,0"
"30/05/2026";"2200";"17,3";"18,0";"17,0";"82,0";"82,0";"79,0";"14,1";"14,2";"13,7";"1020,3";"1020,3";"1019,9";"1,1";"94,0";"2,8";"";"0,0"
"30/05/2026";"2300";"16,2";"17,5";"16,2";"83,0";"83,0";"81,0";"13,3";"14,3";"13,3";"1020,6";"1020,6";"1020,2";"0,9";"14,0";"2,8";"";"0,0"
"31/05/2026";"0000";"15,4";"16,2";"15,3";"85,0";"85,0";"83,0";"12,9";"13,2";"12,8";"1021,0";"1021,0";"1020,6";"0,0";"360,0";"2,0";"";"0,0"
"31/05/2026";"0100";"14,5";"15,4";"14,5";"86,0";"86,0";"85,0";"12,3";"12,8";"12,2";"1020,9";"1021,0";"1020,9";"0,2";"184,0";"1,7";"";"0,0"
"31/05/2026";"0200";"13,9";"14,5";"13,9";"88,0";"88,0";"86,0";"11,9";"12,2";"11,7";"1020,9";"1021,0";"1020,9";"0,3";"220,0";"1,7";"";"0,0"
"31/05/2026";"0300";"13,3";"14,0";"13,3";"89,0";"89,0";"88,0";"11,5";"12,1";"11,4";"1020,7";"1020,9";"1020,7";"0,1";"281,0";"1,1";"";"0,0"
"31/05/2026";"0400";"13,4";"13,5";"13,3";"89,0";"89,0";"89,0";"11,7";"11,7";"11,5";"1020,7";"1020,7";"1020,6";"0,8";"216,0";"2,3";"";"0,0"
"31/05/2026";"0500";"13,6";"13,7";"13,3";"90,0";"90,0";"89,0";"11,9";"12,0";"11,6";"1020,3";"1020,7";"1020,3";"0,8";"193,0";"2,3";"";"0,0"
"31/05/2026";"0600";"13,7";"13,7";"13,4";"90,0";"90,0";"90,0";"12,1";"12,1";"11,7";"1019,7";"1020,3";"1019,7";"0,0";"225,0";"1,7";"";"0,0"
"31/05/2026";"0700";"13,9";"14,0";"13,6";"91,0";"91,0";"90,0";"12,4";"12,5";"12,1";"1019,5";"1019,7";"1019,4";"1,2";"215,0";"2,6";"";"0,0"
"31/05/2026";"0800";"14,5";"14,5";"13,8";"91,0";"91,0";"91,0";"13,1";"13,1";"12,3";"1019,4";"1019,5";"1019,3";"1,2";"217,0";"2,7";"";"0,2"
"31/05/2026";"0900";"13,9";"14,6";"13,9";"91,0";"91,0";"91,0";"12,5";"13,2";"12,4";"1019,4";"1019,4";"1019,2";"1,0";"181,0";"2,2";"";"0,0"
"31/05/2026";"1000";"13,8";"13,9";"13,7";"92,0";"92,0";"91,0";"12,6";"12,6";"12,4";"1019,9";"1019,9";"1019,4";"0,0";"251,0";"2,7";"0,10";"0,0"
"31/05/2026";"1100";"14,3";"14,3";"13,8";"92,0";"92,0";"92,0";"13,0";"13,0";"12,6";"1020,2";"1020,2";"1019,9";"0,5";"220,0";"2,4";"148,00";"0,0"
"31/05/2026";"1200";"15,9";"16,0";"14,3";"92,0";"93,0";"92,0";"14,6";"14,7";"13,1";"1020,7";"1020,7";"1020,2";"1,1";"214,0";"2,6";"667,80";"0,0"
"31/05/2026";"1300";"17,0";"17,0";"15,7";"90,0";"92,0";"90,0";"15,3";"15,5";"14,4";"1020,6";"1020,8";"1020,6";"1,6";"225,0";"3,9";"1397,80";"0,0"
"31/05/2026";"1400";"18,8";"18,9";"17,0";"87,0";"90,0";"87,0";"16,5";"16,7";"15,5";"1020,0";"1020,7";"1020,0";"1,1";"257,0";"3,9";"1980,40";"0,0"
"31/05/2026";"1500";"20,4";"20,5";"18,8";"82,0";"87,0";"81,0";"17,2";"17,6";"16,6";"1019,1";"1020,0";"1019,1";"1,7";"250,0";"4,0";"2260,40";"0,0"
"31/05/2026";"1600";"22,5";"22,6";"20,4";"77,0";"82,0";"77,0";"18,3";"18,5";"17,3";"1018,3";"1019,1";"1018,3";"0,8";"219,0";"3,7";"2327,60";"0,0"
"31/05/2026";"1700";"23,9";"23,9";"22,4";"72,0";"77,0";"72,0";"18,6";"18,6";"17,6";"1017,4";"1018,3";"1017,4";"0,3";"88,0";"2,5";"2144,90";"0,0"
"31/05/2026";"1800";"23,4";"24,1";"23,1";"69,0";"72,0";"68,0";"17,3";"18,7";"17,1";"1017,0";"1017,4";"1017,0";"1,6";"53,0";"4,8";"1771,10";"0,0"
"31/05/2026";"1900";"22,7";"23,7";"22,7";"63,0";"69,0";"63,0";"15,2";"17,7";"15,2";"1017,0";"1017,0";"1016,9";"3,5";"94,0";"5,7";"1165,20";"0,0"
"31/05/2026";"2000";"20,5";"22,7";"20,5";"73,0";"73,0";"63,0";"15,4";"15,7";"15,1";"1017,3";"1017,3";"1017,0";"2,5";"46,0";"5,1";"547,00";"0,0"
"31/05/2026";"2100";"18,7";"20,5";"18,6";"78,0";"78,0";"73,0";"14,7";"15,4";"14,6";"1017,9";"1017,9";"1017,3";"1,8";"71,0";"4,4";"40,60";"0,0"
"31/05/2026";"2200";"17,9";"18,7";"17,9";"80,0";"81,0";"78,0";"14,5";"14,8";"14,4";"1018,4";"1018,4";"1017,9";"1,5";"38,0";"4,1";"";"0,0"
"31/05/2026";"2300";"16,8";"17,9";"16,8";"82,0";"82,0";"80,0";"13,7";"14,5";"13,6";"1018,9";"1018,9";"1018,4";"1,4";"49,0";"3,1";"";"0,0"